pdb_code,template_file,alpha_seq,beta_seq,antigen_seq,mhc_seq
3tjh,/home/tom/phd/templateBuilder/template_structures/imgt_clean/3tjh_clean.pdb,AQSVTQPDARVTVSEGASLQLRCKYSYSATPYLFWYVQYPRQGLQMLLKYYSGDPVVQGVNGFEAEFSKSDSSFHLRKASVHWSDSAVYFCAVSAKGTGSKLSFGKGAKLTVS,AAVTQSPRNKVTVTGGNVTLSCRQTNSHNYMYWYRQDTGHGLRLIHYSYGAGNLQIGDVPDGYKATRTTQEDFFLLLELASPSQTSLYFCASSDAPGQLYFGEGSKLTVL,SPLDSLWWI,GPHSMRYYETATSRRGLGEPRYTSVGYVDDKEFVRFDSDAENPRYEPQVPWMEQEGPEYWERITQVAKGQEQWFRVNLRTLLGYYNQSAGGTHTLQRMYGCDVGSDGRLLRGYEQFAYDGCDYIALNEDLRTWTAADMAAQITRRKWEQAGAAEYYRAYLEGECVEWLHRYLKNG
5jzi,/home/tom/phd/templateBuilder/template_structures/imgt_clean/5jzi_clean.pdb,AQTVTQSQPEMSVQEAETVTLSCTYDTSESDYYLFWYKQPPSRQMILVIRQEAYKQQNATENRFSVNFQKAAKSFSLKISDSQLGDAAMYFCAYGEDDKIIFGKGTRLHIL,EADIYQTPRYLVIGTGKKITLECSQTMGHDKMYWYQQDPGMELHLIHYSYGVNSTEKGDLSSESTVSRIRTEHFPLTLESARPSHTSQYLCASRRGPYEQYFGPGTRLTVT,KLVALGINAV,GSHSMRYFFTSVSRPGRGEPRFIAVGYVDDTQFVRFDSDAASQRMEPRAPWIEQEGPEYWDGETRKVKAHSQTHRVDLGTLRGYYNQSEAGSHTVQRMYGCDVGSDWRFLRGYHQYAYDGKDYIALKEDLRSWTAADMAAQTTKHKWEAAHVAEQLRAYLEGTCVEWLRRYLENGKETLQ
5jhd,/home/tom/phd/templateBuilder/template_structures/imgt_clean/5jhd_clean.pdb,TVTQSQPEMSVQEAETVTLSCTYDTSESDYYLFWYKQPPSRQMILVIRQEAYKQQNATENRFSVNFQKAAKSFSLKISDSQLGDAAMYFCAWGVNAGGTSYGKLTFGQGTILTVH,GGITQSPKYLFRKEGQNVTLSCEQNLNHDAMYWYRQDPGQGLRLIYYSQIVNDFQKGDIAEGYSVSREKKESFPLTVTSAQKNPTAFYLCASSIGVYGYTFGSGTRLTVV,GILGFVFTL,GSHSMRYFFTSVSRPGRGEPRFIAVGYVDDTQFVRFDSDAASQRMEPRAPWIEQEGPEYWDGETRKVKAHSQTHRVDLGTLRGYYNQSEAGSHTVQRMYGCDVGSDWRFLRGYHQYAYDGKDYIALKEDLRSWTAADMAAQTTKHKWEAAHVAEQLRAYLEGTCVEWLRRYLENGKETLQ
2vlj,/home/tom/phd/templateBuilder/template_structures/imgt_clean/2vlj_clean.pdb,QLLEQSPQFLSIQEGENLTVYCNSSSVFSSLQWYRQEPGEGPVLLVTVVTGGEVKKLKRLTFQFGDARKDSSLHITAAQPGDTGLYLCAGAGSQGNLIFGKGTKLSVK,GITQSPKYLFRKEGQNVTLSCEQNLNHDAMYWYRQDPGQGLRLIYYSQIVNDFQKGDIAEGYSVSREKKESFPLTVTSAQKNPTAFYLCASSSRSSYEQYFGPGTRLTVT,GILGFVFTL,GSHSMRYFFTSVSRPGRGEPRFIAVGYVDDTQFVRFDSDAASQRMEPRAPWIEQEGPEYWDGETRKVKAHSQTHRVDLGTLRGYYNQSEAGSHTVQRMYGCDVGSDWRFLRGYHQYAYDGKDYIALKEDLRSWTAADMAAQTTKHKWEAAHVAEQLRAYLEGTCVEWLRRYLENGKETLQ
2vlk,/home/tom/phd/templateBuilder/template_structures/imgt_clean/2vlk_clean.pdb,QLLEQSPQFLSIQEGENLTVYCNSSSVFSSLQWYRQEPGEGPVLLVTVVTGGEVKKLKRLTFQFGDARKDSSLHITAAQPGDTGLYLCAGAGSQGNLIFGKGTKLSVK,GITQSPKYLFRKEGQNVTLSCEQNLNHDAMYWYRQDPGQGLRLIYYSQIVNDFQKGDIAEGYSVSREKKESFPLTVTSAQKNPTAFYLCASSSRSSYEQYFGPGTRLTVT,GILGFVFTL,GSHSMRYFFTSVSRPGRGEPRFIAVGYVDDTQFVRFDSDAASQRMEPRAPWIEQEGPEYWDGETRKVKAHSQTHRVDLGTLRGYYNQSEAGSHTVQRMYGCDVGSDWRFLRGYHQYAYDGKDYIALKEDLRSWTAADMAAQTTKHKWEAAHVAEQLRAYLEGTCVEWLRRYLENGKETLQ
2vlr,/home/tom/phd/templateBuilder/template_structures/imgt_clean/2vlr_clean.pdb,QLLEQSPQFLSIQEGENLTVYCNSSSVFSSLQWYRQEPGEGPVLLVTVVTGGEVKKLKRLTFQFGDARKDSSLHITAAQPGDTGLYLCAGAGSQGNLIFGKGTKLSVK,GITQSPKYLFRKEGQNVTLSCEQNLNHDAMYWYRQDPGQGLRLIYYSQIVNDFQKGDIAEGYSVSREKKESFPLTVTSAQKNPTAFYLCASSSRASYEQYFGPGTRLTVT,GILGFVFTL,GSHSMRYFFTSVSRPGRGEPRFIAVGYVDDTQFVRFDSDAASQRMEPRAPWIEQEGPEYWDGETRKVKAHSQTHRVDLGTLRGYYNQSEAGSHTVQRMYGCDVGSDWRFLRGYHQYAYDGKDYIALKEDLRSWTAADMAAQTTKHKWEAAHVAEQLRAYLEGTCVEWLRRYLENGKETLQ
5yxn,/home/tom/phd/templateBuilder/template_structures/imgt_clean/5yxn_clean.pdb,AQTVTQSQPEMSVQEAETVTLSCTYDTSESDYYLFWYKQPPSRQMILVIRQEAYKQQNATENRFSVNFQKAAKSFSLKISDSQLGDAAMYFCAYGEDDKIIFGKGTRLHIL,AADIYQTPRYLVIGTGKKITLECSQTMGHDKMYWYQQDPGMELHLIHYSYGVNSTEKGDLSSESTVSRIRTEHFPLTLESARPSHTSQYLCASRRGPYEQYFGPGTRLTVT,KLVALGINAV,GSHSMRYFFTSVSRPGRGEPRFIAVGYVDDTQFVRFDSDAASQRMEPRAPWIEQEGPEYWDGETRKVKAHSQTHRVDLGTLRGYYNQSEAGSHTVQRMYGCDVGSDWRFLRGYHQYAYDGKDYIALKEDLRSWTAADMAAQTTKHKWEAAHVAEQLRAYLEGTCVEWLRRYLENGKETLQ
4ftv,/home/tom/phd/templateBuilder/template_structures/imgt_clean/4ftv_clean.pdb,KEVEQNSGPLSVPEGAIASLNCTYSDRGSQSFFWYRQYSGKSPELIMSIYSNGDKEDGRFTAQLNKASQYVSLLIRDSQPSDSATYLCAVTTDSWGKLQFGAGTQVVVT,NAGVTQTPKFQVLKTGQSMTLQCAQDMNHEYMSWYRQDPGMGLRLIHYSVGAGITDQGEVPNGYNVSRSTTEDFPLRLLSAAPSQTSVYFCASRPGLMSAQPEQYFGPGTRLTVT,LLFGYPVYV,GSHSMRYFFTSVSRPGRGEPRFIAVGYVDDTQFVRFDSDAASQRMEPRAPWIEQEGPEYWDGETRKVKAHSQTHRVDLGTLRGYYNQSEAGSHTVQRMYGCDVGSDWRFLRGYHQYAYDGKDYIALKEDLRSWTAADMAAQTTKHKWEAAHVAEQLRAYLEGTCVEWLRRYLENGKETLQ
6eqb,/home/tom/phd/templateBuilder/template_structures/imgt_clean/6eqb_clean.pdb,QKEVEQNSGPLSVPEGAIASLNCTYSFLGSQSFFWYRQYSGKSPELIMFTYREGDKEDGRFTAQLNKASQHVSLLIRDSQPSDSATYLCAVNDGGRLTFGDGTTLTVK,SQTIHQWPATLVQPVGSPLSLECTVEGTSNPNLYWYRQAAGRGPQLLFYWGPFGQISSEVPQNLSASRPQDRQFILSSKKLLLSDSGFYLCAWSETGLGMGGWQFGEGSRLTVL,AAGIGILTV,GSHSMRYFFTSVSRPGRGEPRFIAVGYVDDTQFVRFDSDAASQRMEPRAPWIEQEGPEYWDGETRKVKAHSQTHRVDLGTLRGYYNQSEAGSHTVQRMYGCDVGSDWRFLRGYHQYAYDGKDYIALKEDLRSWTAADMAAQTTKHKWEAAHVAEQLRAYLEGTCVEWLRRYLENGKETLQ
3qdj,/home/tom/phd/templateBuilder/template_structures/imgt_clean/3qdj_clean.pdb,KEVEQNSGPLSVPEGAIASLNCTYSDRGSQSFFWYRQYSGKSPELIMFIYSNGDKEDGRFTAQLNKASQYVSLLIRDSQPSDSATYLCAVNFGGGKLIFGQGTELSVK,IAGITQAPTSQILAAGRRMTLRCTQDMRHNAMYWYRQDLGLGLRLIHYSNTAGTTGKGEVPDGYSVSRANTDDFPLTLASAVPSQTSVYFCASSLSFGTEAFFGQGTRLTVV,AAGIGILTV,GSHSMRYFFTSVSRPGRGEPRFIAVGYVDDTQFVRFDSDAASQRMEPRAPWIEQEGPEYWDGETRKVKAHSQTHRVDLGTLRGYYNQSEAGSHTVQRMYGCDVGSDWRFLRGYHQYAYDGKDYIALKEDLRSWTAADMAAQTTKHKWEAAHVAEQLRAYLEGTCVEWLRRYLENGKETLQ
1nam,/home/tom/phd/templateBuilder/template_structures/imgt_clean/1nam_clean.pdb,QKVTQTQTSISVMEKTTVTMDCVYETQDSSYFLFWYKQTASGEIVFLIRQDSYKKENATVGHYSLNFQKPKSSIGLIITATQIEDSAVYFCAMRGDYGGSGNKLIFGTGTLLSVK,VTLLEQNPRWRLVPRGQAVNLRCILKNSQYPWMSWYQQDLQKQLQWLFTLRSPGDKEVKSLPGADYLATRVTDTELRLQVANMSQGRTLYCTCSADRVGNTLYFGEGSRLIVV,RGYVYQGL,GPHSLRYFVTAVSRPGLGEPRYMEVGYVDDTEFVRFDSDAENPRYEPRARWMEQEGPEYWERETQKAKGNEQSFRVDLRTLLGYYNQSKGGSHTIQVISGCEVGSDGRLLRGYQQYAYDGCDYIALNEDLKTWTAADMAALITKHKWEQAGEAERLRAYLEGTCVEWLRRYLKNGNATLL
6avg,/home/tom/phd/templateBuilder/template_structures/imgt_clean/6avg_clean.pdb,AKTTQPISMDSYEGQEVNITCSHNNIATNDYITWYQQFPSQGPRFIIQGYKTKVTNEVASLFIPADRKSSTLSLPRVSLSDTAVYYCLVVDQKLVFGTGTRLLVS,DSGVTQTPKHLITATGQRVTLRCSPRSGDLSVYWYQQSLDQGLQFLIQYYNGEERAKGNILERFSAQQFPDLHSELNLSSLELGDSALYFCASSGGHTGSNEQFFGPGTRLTVL,APRGPHGGAASGL,GSHSMRYFYTSVSRPGRGEPRFISVGYVDDTQFVRFDSDAASPREEPRAPWIEQEGPEYWDRNTQIYKAQAQTDRESLRNLRGYYNQSEAGSHTLQSMYGCDVGPDGRLLRGHDQYAYDGKDYIALNEDLRSWTAADTAAQITQRKWEAAREAEQRRAYLEGECVEWLRRYLENGKDKLE
2ak4,/home/tom/phd/templateBuilder/template_structures/imgt_clean/2ak4_clean.pdb,QKVTQAQTEISVVEKEDVTLDCVYETRDTTYYLFWYKQPPSGELVFLIRRNSFDEQNEISGRYSWNFQKSTSSFNFTITASQVVDSAVYFCALSGFYNTDKLIFGTGTRLQVF,GVTQTPKFQVLKTGQSMTLQCAQDMNHNSMYWYRQDPGMGLRLIYYSASEGTTDKGEVPNGYNVSRLNKREFSLRLESAAPSQTSVYFCASPGLAGEYEQYFGPGTRLTVT,LPEPLPQGQLTAY,GSHSMRYFYTAMSRPGRGEPRFIAVGYVDDTQFVRFDSDAASPRTEPRAPWIEQEGPEYWDRNTQIFKTNTQTYRESLRNLRGYYNQSEAGSHIIQRMYGCDLGPDGRLLRGHDQSAYDGKDYIALNEDLSSWTAADTAAQITQRKWEAARVAEQRRAYLEGLCVEWLRRYLENGKETLQ
5wlg,/home/tom/phd/templateBuilder/template_structures/imgt_clean/5wlg_clean.pdb,QALSIQEGEDVTMNCSYKTYTTVVHWYRQDSGRGPALIILIRSNEREKRSGRLRATLDTSSQSSSLSITAAQCEDTAVYFCATVYAQGLTFGLGTRVSVF,AVTQSPRSKVAVTGGKVTLSCHQTNNHDYMYWYRQDTGHGLRLIHYSYVADSTEKGDIPDGYKASRPSQENFSLILELASLSQTAVYFCASSDWGDTGQLYFGEGSKLTVL,SQLLNAKYL,GPHSMRYFETAVSRPGLEEPRYISVGYVDNKEFVRFDSDAENPRYEPRAPWMEQEGPEYWERETQKAKGQEQWFRVSLRNLLGYYNQSAGGSHTLQQMSGCDLGSDWRLLRGYLQFAYEGRDYIALNEDLKTWTAADMAAQITRRKWEQSGAAEHYKAYLEGECVEWLHRYLKNGNATLL
5ivx,/home/tom/phd/templateBuilder/template_structures/imgt_clean/5ivx_clean.pdb,QQVRQSPQSLTVWEGETAILNCSYENSAFDYFPWYQQFPGEGPALLISILSVSNKKEDGRFTIFFNKREKKLSLHIADSQPGDSATYFCAASASFGDNSKLIWGLGTSLVVN,MKVTQMPRYLIKRMGENVLLECGQDMSHETMYWYRQDPGLGLQLIYISYDVDSNSEGDIPKGYRVSRKKREHFSLILDSAKTNQTSVYFCASSLGHTEVFFGKGTRLTVV,RGPGRAFVTI,MSHSLRYFVTAVSRPGFGEPRYMEVGYVDNTEFVRFDSDAENPRYEPRARWIEQEGPEYWERETRRAKGNEQSFRVDLRTALRYYNQSAGGSHTLQWMAGCDVESDGRLLRGYWQFAYDGCDYIALNEDLKTWTAADMAAQITRRKWEQAGAAERDRAYLEGECVEWLRRYLKNGNATLL
3qdg,/home/tom/phd/templateBuilder/template_structures/imgt_clean/3qdg_clean.pdb,KEVEQNSGPLSVPEGAIASLNCTYSDRGSQSFFWYRQYSGKSPELIMFIYSNGDKEDGRFTAQLNKASQYVSLLIRDSQPSDSATYLCAVNFGGGKLIFGQGTELSVK,IAGITQAPTSQILAAGRRMTLRCTQDMRHNAMYWYRQDLGLGLRLIHYSNTAGTTGKGEVPDGYSVSRANTDDFPLTLASAVPSQTSVYFCASSLSFGTEAFFGQGTRLTVV,ELAGIGILTV,GSHSMRYFFTSVSRPGRGEPRFIAVGYVDDTQFVRFDSDAASQRMEPRAPWIEQEGPEYWDGETRKVKAHSQTHRVDLGTLRGYYNQSEAGSHTVQRMYGCDVGSDWRFLRGYHQYAYDGKDYIALKEDLRSWTAADMAAQTTKHKWEAAHVAEQLRAYLEGTCVEWLRRYLENGKETLQ
4g8g,/home/tom/phd/templateBuilder/template_structures/imgt_clean/4g8g_clean.pdb,KITQTQPGMFVQEKEAVTLDCTYDTSDQSYGLFWYKQPSSGEMIFLIYQGSYDEQNATEGRYSLNFQKARKSANLVISASQLGDSAMYFCAMRDLRDNFNKFYFGSGTKLNVK,GVTQTPKFQVLKTGQSMTLQCAQDMNHEYMSWYRQDPGMGLRLIHYSVGAGITDQGEVPNGYNVSRSTTEDFPLRLLSAAPSQTSVYFCASREGLGGTEAFFGQGTRLTVV,KRWIILGLNK,GSHSMRYFHTSVSRPGRGEPRFITVGYVDDTLFVRFDSDAASPREEPRAPWIEQEGPEYWDRETQICKAKAQTDREDLRTLLRYYNQSEAGSHTLQNMYGCDVGPDGRLLRGYHQDAYDGKDYIALNEDLSSWTAADTAAQITQRKWEAARVAEQLRAYLEGECVEWLRRYLENGKETLQ
3qdm,/home/tom/phd/templateBuilder/template_structures/imgt_clean/3qdm_clean.pdb,QLNQSPQSMFIQEGEDVSMNCTSSSIFNTWLWYKQDPGEGPVLLIALYKAGELTSNGRLTAQFGITRKDSFLNISASIPSDVGIYFCAGGTGNQFYFGTGTSLTVI,AGITQSPRHKVTETGTPVTLRCHQTENHRYMYWYRQDPGHGLRLIHYSYGVKDTDKGEVSDGYSVSRSKTEDFLLTLESATSSQTSVYFCAISEVGVGQPQHFGDGTRLSIL,ELAGIGILTV,GSHSMRYFFTSVSRPGRGEPRFIAVGYVDDTQFVRFDSDAASQRMEPRAPWIEQEGPEYWDGETRKVKAHSQTHRVDLGTLRGYYNQSEAGSHTVQRMYGCDVGSDWRFLRGYHQYAYDGKDYIALKEDLRSWTAADMAAQTTKHKWEAAHVAEQLRAYLEGTCVEWLRRYLENGKETLQ
4prh,/home/tom/phd/templateBuilder/template_structures/imgt_clean/4prh_clean.pdb,EDQVTQSPEALRLQEGESSSLNCSYTVSGLRGLFWYRQDPGKGPEFLFTLYSAGEEKEKERLKATLTKKESFLHITAPKPEDSATYLCAVQDLGTSGSRLTFGEGTQLTVN,SGVTQTPKHLITATGQRVTLRCSPRSGDLSVYWYQQSLDQGLQFLIQYYNGEERAKGNILERFSAQQFPDLHSELNLSSLELGDSALYFCASSARSGELFFGEGSRLTVL,HPVGDADYFEY,SHSMRYFYTAMSRPGRGEPRFIAVGYVDDTQFVRFDSDAASPRTEPRAPWIEQEGPEYWDRNTQIFKTNTQTYRESLRNLRGYYNQSEAGSHIIQRMYGCDLGPDGRLLRGHDQSAYDGKDYIALNEDLSSWTAADTAAQITQRKWEAARVAEQRRAYLEGLCVEWLRRYLENGKETLQ
4pri,/home/tom/phd/templateBuilder/template_structures/imgt_clean/4pri_clean.pdb,EDQVTQSPEALRLQEGESSSLNCSYTVSGLRGLFWYRQDPGKGPEFLFTLYSAGEEKEKERLKATLTKKESFLHITAPKPEDSATYLCAVQDLGTSGSRLTFGEGTQLTVN,SGVTQTPKHLITATGQRVTLRCSPRSGDLSVYWYQQSLDQGLQFLIQYYNGEERAKGNILERFSAQQFPDLHSELNLSSLELGDSALYFCASSARSGELFFGEGSRLTVL,HPVGEADYFEY,GSHSMRYFYTAMSRPGRGEPRFIAVGYVDDTQFVRFDSDAASPRTEPRAPWIEQEGPEYWDRNTQIFKTNTQTYRESLRNLRGYYNQSEAGSHIIQRMYGCDLGPDGRLLRGHDQSAYDGKDYIALNEDLSSWTAADTAAQITQRKWEAARVAEQRRAYLEGLCVEWLRRYLENGKETLQ
4prp,/home/tom/phd/templateBuilder/template_structures/imgt_clean/4prp_clean.pdb,QVTQSPEALRLQEGESSSLNCSYTVSGLRGLFWYRQDPGKGPEFLFTLYSAGEEKEKERLKATLTKKESFLHITAPKPEDSATYLCAVQDLGTSGSRLTFGEGTQLTVN,DSGVTQTPKHLITATGQRVTLRCSPRSGDLSVYWYQQSLDQGLQFLIQYYNGEERAKGNILERFSAQQFPDLHSELNLSSLELGDSALYFCASSARSGELFFGEGSRLTVL,HPVGQADYFEY,GSHSMRYFYTAMSRPGRGEPRFIAVGYVDDTQFVRFDSDAASPRTEPRAPWIEQEGPEYWDRNTQIFKTNTQTYRESLRNLRGYYNQSEAGSHIIQRMYGCDLGPDGRLLRGHDQSAYDGKDYIALNEDLSSWTAADTAAQITQRKWEAARVAEQLRAYLEGLCVEWLRRYLENGKETLQ
5eu6,/home/tom/phd/templateBuilder/template_structures/imgt_clean/5eu6_clean.pdb,KQEVTQIPAALSVPEGENLVLNCSFTDSAIYNLQWFRQDPGKGLTSLLLIQSSQREQTSGRLNASLDKSSGRSTLYIAASQPGDSATYLCAVLSSGGSNYKLTFGKGTLLTVN,GAGVSQTPSNKVTEKGKYVELRCDPISGHTALYWYRQSLGQGPEFLIYFQGTGAADDSGLPNDRFFAVRPEGSVSTLKIQRTERGDSAVYLCASSFIGGTDTQYFGPGTRLTVL,YLEPGPVTV,GSHSMRYFFTSVSRPGRGEPRFIAVGYVDDTQFVRFDSDAASQRMEPRAPWIEQEGPEYWDGETRKVKAHSQTHRVDLGTLRGYYNQSEAGSHTVQRMYGCDVGSDWRFLRGYHQYAYDGKDYIALKEDLRSWTAADMAAQTTKHKWEAAHVAEQLRAYLEGTCVEWLRRYLENGKETLQ
1g6r,/home/tom/phd/templateBuilder/template_structures/imgt_clean/1g6r_clean.pdb,QSVTQPDARVTVSEGASLQLRCKYSYSATPYLFWYVQYPRQGLQLLLKYYSGDPVVQGVNGFEAEFSKSNSSFHLRKASVHWSDSAVYFCAVSGFASALTFGSGTKVIVL,EAAVTQSPRNKVAVTGGKVTLSCNQTNNHNNMYWYRQDTGHGLRLIHYSYGAGSTEKGDIPDGYKASRPSQENFSLILELATPSQTSVYFCASGGGGTLYFGAGTRLSVL,SIYRYYGL,GPHSLRYFVTAVSRPGLGEPRYMEVGYVDDTEFVRFDSDAENPRYEPRARWMEQEGPEYWERETQKAKGNEQSFRVDLRTLLGYYNQSKGGSHTIQVISGCEVGSDGRLLRGYQQYAYDGCDYIALNEDLKTWTAADMAALITKHKWEQAGEAERLRAYLEGTCVEWLRRYLKNGNATLL
5tez,/home/tom/phd/templateBuilder/template_structures/imgt_clean/5tez_clean.pdb,NVEQHPSTLSVQEGDSAVIKCTYSDSASNYFPWYKQELGKRPQLIIDIRSNVGEKKDQRIAVTLNKTAKHFSLHITETQPEDSAVYFCAASFIIQGAQKLVFGQGTRLTIN,QVTQNPRYLITVTGKKLTVTCSQNMNHEYMSWYRQDPGLGLRQIYYSMNVEVTDKGDVPEGYKVSRKEKRNFPLILESPSPNQTSLYFCASSLLGGWSEAFFGQGTRLTVT,GILGFVFTL,GSHSMRYFFTSVSRPGRGEPRFIAVGYVDDTQFVRFDSDAASQRMEPRAPWIEQEGPEYWDGETRKVKAHSQTHRVDLGTLRGYYNQSEAGSHTVQRMYGCDVGSDWRFLRGYHQYAYDGKDYIALKEDLRSWTAADMAAQTTKHKWEAAHVAEQLRAYLEGTCVEWLRRYLENGKETLQ
2gj6,/home/tom/phd/templateBuilder/template_structures/imgt_clean/2gj6_clean.pdb,KEVEQNSGPLSVPEGAIASLNCTYSDRGSQSFFWYRQYSGKSPELIMSIYSNGDKEDGRFTAQLNKASQYVSLLIRDSQPSDSATYLCAVTTDSWGKLQFGAGTQVVVT,GVTQTPKFQVLKTGQSMTLQCAQDMNHEYMSWYRQDPGMGLRLIHYSVGAGITDQGEVPNGYNVSRSTTEDFPLRLLSAAPSQTSVYFCASRPGLAGGRPEQYFGPGTRLTVT,LLFGKPVYV,GSHSMRYFFTSVSRPGRGEPRFIAVGYVDDTQFVRFDSDAASQRMEPRAPWIEQEGPEYWDGETRKVKAHSQTHRVDLGTLRGYYNQSEAGSHTVQRMYGCDVGSDWRFLRGYHQYAYDGKDYIALKEDLRSWTAADMAAQTTKHKWEAAHVAEQLRAYLEGTCVEWLRRYLENGKETLQ
5c09,/home/tom/phd/templateBuilder/template_structures/imgt_clean/5c09_clean.pdb,EVEQDPGPLSVPEGAIVSLNCTYSNSAFQYFMWYRQYSRKGPELLMYTYSSGNKEDGRFTAQVDKSSKYISLFIRDSQPSDSATYLCAMRGDSSYKLIFGSGTRLLVR,DAGVIQSPRHEVTEMGQQVTLRCKPISGHDYLFWYRQTMMRGLELLIYFNNNVPIDDSGMPEDRFSAKMPNASFSTLKIQPSEPRDSAVYFCASSLWEKLAKNIQYFGAGTRLSVL,YLGGPDFPTI,GSHSMRYFFTSVSRPGRGEPRFIAVGYVDDTQFVRFDSDAASQRMEPRAPWIEQEGPEYWDGETRKVKAHSQTHRVDLGTLRGYYNQSEAGSHTVQRMYGCDVGSDWRFLRGYHQYAYDGKDYIALKEDLRSWTAADMAAQTTKHKWEAAHVAEQLRAYLEGTCVEWLRRYLENGKETLQ
3vxs,/home/tom/phd/templateBuilder/template_structures/imgt_clean/3vxs_clean.pdb,KQEVTQIPAALSVPEGENLVLNCSFTDSAIYNLQWFRQDPGKGLTSLLLIQSSQREQTSGRLNASLDKSSGRSTLYIAASQPGDSATYLCAVRMDSSYKLIFGSGTRLLVR,TGVSQNPRHKITKRGQNVTFRCDPISEHNRLYWYRQTLGQGPEFLTYFQNEAQLEKSRLLSDRFSAERPKGSFSTLEIQRTEQGDSAMYLCASSSWDTGELFFGEGSRLTVL,RYPLTLGWCF,GSHSMRYFSTSVSRPGRGEPRFIAVGYVDDTQFVRFDSDAASQRMEPRAPWIEQEGPEYWDEETGKVKAHSQTDRENLRIALRYYNQSEAGSHTLQMMFGCDVGSDGRFLRGYHQYAYDGKDYIALKEDLRSWTAADMAAQITKRKWEAAHVAEQQRAYLEGTCVDGLRRYLENGKETLQ
3vxr,/home/tom/phd/templateBuilder/template_structures/imgt_clean/3vxr_clean.pdb,KQEVTQIPAALSVPEGENLVLNCSFTDSAIYNLQWFRQDPGKGLTSLLLIQSSQREQTSGRLNASLDKSSGRSTLYIAASQPGDSATYLCAVRMDSSYKLIFGSGTRLLVR,TGVSQNPRHKITKRGQNVTFRCDPISEHNRLYWYRQTLGQGPEFLTYFQNEAQLEKSRLLSDRFSAERPKGSFSTLEIQRTEQGDSAMYLCASSSWDTGELFFGEGSRLTVL,RYPLTFGWCF,GSHSMRYFSTSVSRPGRGEPRFIAVGYVDDTQFVRFDSDAASQRMEPRAPWIEQEGPEYWDEETGKVKAHSQTDRENLRIALRYYNQSEAGSHTLQMMFGCDVGSDGRFLRGYHQYAYDGKDYIALKEDLRSWTAADMAAQITKRKWEAAHVAEQQRAYLEGTCVDGLRRYLENGKETLQ
3vxu,/home/tom/phd/templateBuilder/template_structures/imgt_clean/3vxu_clean.pdb,KEVEQNSGPLSVPEGAIASLNCTYSDRGSQSFFWYRQYSGKSPELIMSIYSNGDKEDGRFTAQLNKASQYVSLLIRDSQPSDSATYLWGTYNQGGKLIFGQGTELSVK,EAQVTQNPRYLITVTGKKLTVTCSQNMNHEYMSWYRQDPGLGLRQIYYSMNVEVTDKGDVPEGYKVSRKEKRNFPLILESPSPNQTSLYFCASSGASHEQYFGPGTRLTVT,RFPLTFGWCF,GSHSMRYFSTSVSRPGRGEPRFIAVGYVDDTQFVRFDSDAASQRMEPRAPWIEQEGPEYWDEETGKVKAHSQTDRENLRIALRYYNQSEAGSHTLQMMFGCDVGSDGRFLRGYHQYAYDGKDYIALKEDLRSWTAADMAAQITKRKWEAAHVAEQQRAYLEGTCVDGLRRYLENGKETLQ
3vxm,/home/tom/phd/templateBuilder/template_structures/imgt_clean/3vxm_clean.pdb,AQSVTQPDIHITVSEGASLELRCNYSYGATPYLFWYVQSPGQGLQLLLKYFSGDTLVQGIKGFEAEFKRSQSSFNLRKPSVHWSDAAEYFCAVGAPSGAGSYQLTFGKGTKLSVI,DTEVTQTPKHLVMGMTNKKSLKCEQHMGHRAMYWYKQKAKKPPELMFVYSYEKLSINESVPSRFSPECPNSSLLNLHLHALQPEDSALYLCASSPTSGIYEQYFGPGTRLTVT,RFPLTFGWCF,GSHSMRYFSTSVSRPGRGEPRFIAVGYVDDTQFVRFDSDAASQRMEPRAPWIEQEGPEYWDEETGKVKAHSQTDRENLRIALRYYNQSEAGSHTLQMMFGCDVGSDGRFLRGYHQYAYDGKDYIALKEDLRSWTAADMAAQITKRKWEAAHVAEQQRAYLEGTCVDGLRRYLENGKETLQ
4qok,/home/tom/phd/templateBuilder/template_structures/imgt_clean/4qok_clean.pdb,QEVEQNSGPLSVPEGAIASLNCTYSDRGSQSFFWYRQYSGKSPELIMFIYSNGDKEDGRFTAQLNKASQYVSLLIRDSQPSDSATYLCAVNVAGKSTFGDGTTLTVK,SQTIHQWPATLVQPVGSPLSLECTVEGTSNPNLYWYRQAAGRGLQLLFYSVGIGQISSEVPQNLSASRPQDRQFILSSKKLLLSDSGFYLCAWSETGLGTGELFFGEGSRLTVL,EAAGIGILTV,GSHSMRYFFTSVSRPGRGEPRFIAVGYVDDTQFVRFDSDAASQRMEPRAPWIEQEGPEYWDGETRKVKAHSQTHRVDLGTLRGYYNQSEAGSHTVQRMYGCDVGSDWRFLRGYHQYAYDGKDYIALKEDLRSWTAADMAAQTTKHKWEAAHVAEQLRAYLEGTCVEWLRRYLENGKETLQ
1lp9,/home/tom/phd/templateBuilder/template_structures/imgt_clean/1lp9_clean.pdb,MDSVTQTEGLVTLTEGLPVMLNCTYQSTYSPFLFWYVQHLNEAPKLLLKSFTDNKRPEHQGFHATLHKSSSSFHLQKSSAQLSDSALYYCALFLASSSFSKLVFGQGTSLSVV,EAAVTQSPRSKVAVTGGKVTLSCHQTNNHDYMYWYRQDTGHGLRLIHYSYVADSTEKGDIPDGYKASRPSQENFSLILELASLSQTAVYFCASSDWVSYEQYFGPGTRLTVL,ALWGFFPVL,GSHSMRYFFTSVSRPGRGEPRFIAVGYVDDTQFVRFDSDAASQRMEPRAPWIEQEGPEYWDGETRKVKAHSQTHRVDLGTLRGYYNQSEAGSHTVQRMYGCDVGSDWRFLRGYHQYAYDGKDYIALKEDLRSWTAADMAAQTTKHKWEAAHVAEQLRAYLEGTCVEWLRRYLENGKETLQ
2ckb,/home/tom/phd/templateBuilder/template_structures/imgt_clean/2ckb_clean.pdb,QSVTQPDARVTVSEGASLQLRCKYSYSATPYLFWYVQYPRQGLQLLLKYYSGDPVVQGVNGFEAEFSKSNSSFHLRKASVHWSDSAVYFCAVSGFASALTFGSGTKVIVL,EAAVTQSPRNKVAVTGGKVTLSCNQTNNHNNMYWYRQDTGHGLRLIHYSYGAGSTEKGDIPDGYKASRPSQENFSLILELATPSQTSVYFCASGGGGTLYFGAGTRLSVL,EQYKFYSV,GPHSLRYFVTAVSRPGLGEPRYMEVGYVDDTEFVRFDSDAENPRYEPRARWMEQEGPEYWERETQKAKGNEQSFRVDLRTLLGYYNQSKGGSHTIQVISGCEVGSDGRLLRGYQQYAYDGCDYIALNEDLKTWTAADMAALITKHKWEQAGEAERLRAYLEGTCVEWLRRYLKNGNATLL
1mi5,/home/tom/phd/templateBuilder/template_structures/imgt_clean/1mi5_clean.pdb,KTTQPNSMESNEEEPVHLPCNHSTISGTDYIHWYRQLPSQGPEYVIHGLTSNVNNRMASLAIAEDRKSSTLILHRATLRDAAVYYCILPLAGGTSYGKLTFGQGTILTVH,GVSQSPRYKVAKRGQDVALRCDPISGHVSLFWYQQALGQGPEFLTYFQNEAQLDKSGLPSDRFFAERPEGSVSTLKIQRTQQEDSAVYLCASSLGQAYEQYFGPGTRLTVT,FLRGRAYGL,GSHSMRYFDTAMSRPGRGEPRFISVGYVDDTQFVRFDSDAASPREEPRAPWIEQEGPEYWDRNTQIFKTNTQTDRESLRNLRGYYNQSEAGSHTLQSMYGCDVGPDGRLLRGHNQYAYDGKDYIALNEDLRSWTAADTAAQITQRKWEAARVAEQDRAYLEGTCVEWLRRYLENGKDTLE
4jff,/home/tom/phd/templateBuilder/template_structures/imgt_clean/4jff_clean.pdb,KQEVEQNSGPLSVPEGAIASLNCTYSFLGSQSFFWYRQYSGKSPELIMFTYREGDKEDGRFTAQLNKASQHVSLLIRDSQPSDSATYLCAVNDGGRLTFGDGTTLTVK,SQTIHQWPATLVQPVGSPLSLECTVEGTSNPNLYWYRQAAGRGPQLLFYWGPFGQISSEVPQNLSASRPQDRQFILSSKKLLLSDSGFYLCAWSETGLGMGGWQFGEGSRLTVL,ELAGIGILTV,GSHSMRYFFTSVSRPGRGEPRFIAVGYVDDTQFVRFDSDAASQRMEPRAPWIEQEGPEYWDGETRKVKAHSQTHRVDLGTLRGYYNQSEAGSHTVQRMYGCDVGSDWRFLRGYHQYAYDGKDYIALKEDLRSWTAADMAAQTTKHKWEAAHVAEQLRAYLEGTCVEWLRRYLENGKETLQ
3e3q,/home/tom/phd/templateBuilder/template_structures/imgt_clean/3e3q_clean.pdb,SVTQPDARVTVSEGASLQLRCKYSYSATPYLFWYVQYPRQGPQLLLKYYSGDPVVQGVNGFEAEFSKSNSSFHLRKASVHRSDSAVYFCAVSDPPPLLTFGSGTKVIVL,EAAVTQSPRNKVAVTGEKVTLSCNQTNNHNNMYWYRQDTGHELRLIYYSYGAGSTEKGDIPDGYKASRPSQENFSLTLESATPSQTSVYFCASGGGGTLYFGAGTRLSVL,QLSPFPFDL,GPHSMRYYETATSRRGLGEPRYTSVGYVDDKEFVRFDSDAENPRYEPQVPWMEQEGPEYWERITQVAKGQEQWFRVNLRTLLGYYNQSAGGTHTLQRMYGCDVGSDGRLLRGYEQFAYDGCDYIALNEDLRTWTAADMAAQITRRKWEQAGAAEYYRAYLEGECVEWLHRYLKNG
3d3v,/home/tom/phd/templateBuilder/template_structures/imgt_clean/3d3v_clean.pdb,KEVEQNSGPLSVPEGAIASLNCTYSDRGSQSFFWYRQYSGKSPELIMSIYSNGDKEDGRFTAQLNKASQYVSLLIRDSQPSDSATYLCAVTTDSWGKLQFGAGTQVVVT,NAGVTQTPKFQVLKTGQSMTLQCAQDMNHEYMSWYRQDPGMGLRLIHYSVGAGITDQGEVPNGYNVSRSTTEDFPLRLLSAAPSQTSVYFCASRPGLAGGRPEQYFGPGTRLTVT,LLFGPVYV,GSHSMRYFFTSVSRPGRGEPRFIAVGYVDDTQFVRFDSDAASQRMEPRAPWIEQEGPEYWDGETRKVKAHSQTHRVDLGTLRGYYNQSEAGSHTVQRMYGCDVGSDWRFLRGYHQYAYDGKDYIALKEDLRSWTAADMAAQTTKHKWEAAHVAEQLRAYLEGTCVEWLRRYLENGKETLQ
1bd2,/home/tom/phd/templateBuilder/template_structures/imgt_clean/1bd2_clean.pdb,QQVKQNSPSLSVQEGRISILNCDYTNSMFDYFLWYKKYPAEGPTFLISISSIKDKNADGRFTVFLNKSAKHLSLHIVPSQPGDSAVYFCAAMEGAQKLVFGQGTRLTIN,GVTQTPKFQVLKTGQSMTLQCAQDMNHEYMSWYRQDPGMGLRLIHYSVGAGITDQGEVPNGYNVSRSTTEDFPLRLLSAAPSQTSVYFCASSYPGGGFYEQYFGPGTRLTVT,LLFGYPVYV,GSHSMRYFFTSVSRPGRGEPRFIAVGYVDDTQFVRFDSDAASQRMEPRAPWIEQEGPEYWDGETRKVKAHSQTHRVDLGTLRGYYNQSEAGSHTVQRMYGCDVGSDWRFLRGYHQYAYDGKDYIALKEDLRSWTAADMAAQTTKHKWEAAHVAEQLRAYLEGTCVEWLRRYLENGKETLQ
6avf,/home/tom/phd/templateBuilder/template_structures/imgt_clean/6avf_clean.pdb,LAKTTQPISMDSYEGQEVNITCSHNNIATNDYITWYQQFPSQGPRFIIQGYKTKVTNEVASLFIPADRKSSTLSLPRVSLSDTAVYYCLVGEILDNFNKFYFGSGTKLNVK,VKVTQSSRYLVKRTGEKVFLECVQDMDHENMFWYRQDPGLGLRLIYFSYDVKMKEKGDIPEGYSVSREKKERFSLILESASTNQTSMYLCASSQRQEGDTQYFGPGTRLTVL,APRGPHGGAASGL,GSHSMRYFYTSVSRPGRGEPRFISVGYVDDTQFVRFDSDAASPREEPRAPWIEQEGPEYWDRNTQIYKAQAQTDRESLRNLRGYYNQSEAGSHTLQSMYGCDVGPDGRLLRGHDQYAYDGKDYIALNEDLRSWTAADTAAQITQRKWEAAREAEQRRAYLEGECVEWLRRYLENGKDKLE
3d39,/home/tom/phd/templateBuilder/template_structures/imgt_clean/3d39_clean.pdb,KEVEQNSGPLSVPEGAIASLNCTYSDRGSQSFFWYRQYSGKSPELIMSIYSNGDKEDGRFTAQLNKASQYVSLLIRDSQPSDSATYLCAVTTDSWGKLQFGAGTQVVVT,NAGVTQTPKFQVLKTGQSMTLQCAQDMNHEYMSWYRQDPGMGLRLIHYSVGAGITDQGEVPNGYNVSRSTTEDFPLRLLSAAPSQTSVYFCASRPGLAGGRPEQYFGPGTRLTVT,LLFGPVYV,GSHSMRYFFTSVSRPGRGEPRFIAVGYVDDTQFVRFDSDAASQRMEPRAPWIEQEGPEYWDGETRKVKAHSQTHRVDLGTLRGYYNQSEAGSHTVQRMYGCDVGSDWRFLRGYHQYAYDGKDYIALKEDLRSWTAADMAAQTTKHKWEAAHVAEQLRAYLEGTCVEWLRRYLENGKETLQ
2nx5,/home/tom/phd/templateBuilder/template_structures/imgt_clean/2nx5_clean.pdb,QNIDQPTEMTATEGAIVQINCTYQTSGFNGLFWYQQHAGEAPTFLSYNVLDGLEEKGRFSSFLSRSKGYSYLLLKELQMKDSASYLCAVQASGGSYIPTFGRGTSLIVH,DAGITQSPRHKVTETGTPVTLRCHQTENHRYMYWYRQDPGHGLRLIHYSYGVKDTDKGEVSDGYSVSRSKTEDFLLTLESATSSQTSVYFCATGTGDSNQPQHFGDGTRLSIL,EPLPQGQLTAY,GSHSMRYFYTAMSRPGRGEPRFIAVGYVDDTQFVRFDSDAASPRTEPRAPWIEQEGPEYWDRNTQIFKTNTQTYRESLRNLRGYYNQSEAGSHIIQRMYGCDLGPDGRLLRGHDQSAYDGKDYIALNEDLSSWTAADTAAQITQRKWEAARVAEQLRAYLEGLCVEWLRRYLENGKETLQ
5til,/home/tom/phd/templateBuilder/template_structures/imgt_clean/5til_clean.pdb,QQQVRQSPQSLTVWEGGTTVLTCSYEDSTFNYFPWYQQFPGEGPALLISILSVSDKKEDGRFTTFFNKREKKLSLHIIDSQPGDSATYFCAALYGNEKITFGAGTKLTIK,AVTQSPRSKVAVTGGKVTLSCHQTNNHDYMYWYRQDTGHGLRLIHYSYVADSTEKGDIPDGYKASRPSQENFSLILELASLSQTAVYFCASSDAGGRNTLYFGAGTRLSVL,KAPYNFATM,PHSMRYFETAVSRPGLEEPRYISVGYVDNKEFVRFDSDAENPRYEPRAPWMEQEGPEYWERETQKAKGQEQWFRVSLRNLLGYYNQSAGGSHTLQQMSGCDLGSDWRLLRGYLQFAYEGRDYIALNEDLKTWTAADMAAQITRRKWEQSGAAEHYKAYLEGECVEWLHRYLKNGNATLL
2ypl,/home/tom/phd/templateBuilder/template_structures/imgt_clean/2ypl_clean.pdb,DVEQSLFLSVREGDSSVINCTYTDSSSTYLYWYKQEPGAGLQLLTYIFSNMDMKQDQRLTVLLNKKDKHLSLRIADTQTGDSAIYFCAVSGGYQKVTFGIGTKLQVI,GITQSPKYLFRKEGQNVTLSCEQNLNHDAMYWYRQDPGQGLRLIYYSQIVNDFQKGDIAEGYSVSREKKESFPLTVTSAQKNPTAFYLCASTGSYGYTFGSGTRLTVT,KAFSPEVIPMF,GSHSMRYFYTAMSRPGRGEPRFIAVGYVDDTQFVRFDSDAASPRMAPRAPWIEQEGPEYWDGETRNMKASAQTYRENLRIALRYYNQSEAGSHIIQVMYGCDVGPDGRLLRGHDQYAYDGKDYIALNEDLSSWTAADTAAQIIQRKWEAARVAEQLRAYLEGLCVEWLRRYLENGKETLQ
5isz,/home/tom/phd/templateBuilder/template_structures/imgt_clean/5isz_clean.pdb,LNVEQSPQSLHVQEGDSTNFTCSFPSSNFYALHWYRWETAKSPEALFVMTLNGDEKKKGRISATLNTKEGYSYLYIKGSQPEDSATYLCAFDTNAGKSTFGDGTTLTVK,IGGITQSPKYLFRKEGQNVTLSCEQNLNHDAMYWYRQDPGQGLRLIYYSQIVNDFQKGDIAAGYSVSREKKESFPLTVTSAQKNPTAFYLCASSIFGQREQYFGPGTRLTVT,GILGFVFTL,GSHSMRYFFTSVSRPGRGEPRFIAVGYVDDTQFVRFDSDAASQRMEPRAPWIEQEGPEYWDGETRKVKAHSQTHRVDLGTLRGYYNQSEAGSHTVQRMYGCDVGSDWRFLRGYHQYAYDGKDYIALKEDLRSWTAADMAAQTTKHKWEAAHVAEQLRAYLEGTCVEWLRRYLENGKETLQ
6d78,/home/tom/phd/templateBuilder/template_structures/imgt_clean/6d78_clean.pdb,KEVEQNSGPLSVPEGAIASLNCTYSYRGSQSFFWYRQYSGKSPELIMFIYSNGDKEDGRFTAQLNKASQYVSLLIRDSQPSDSATYLCAVNFGGGKLIFGQGTELSVK,GITQAPTSQILAAGRRMTLRCTQDMRHNAMYWYRQDLGLGLRLIHYSNTAGTTGKGEVPDGYSVSRANTDDFPLTLASAVPSQTSVYFCASSWSFGTEAFFGQGTRLTVV,AAGIGILTV,GSHSMRYFFTSVSRPGRGEPRFIAVGYVDDTQFVRFDSDAASQRMEPRAPWIEQEGPEYWDGETRKVKAHSQTHRVDLGTLRGYYNQSEAGSHTVQRMYGCDVGSDWRFLRGYHQYAYDGKDYIALKEDLRSWTAADMAAQTTKHKWEAAHVAEQLRAYLEGTCVEWLRRYLENGKETLQ
5e9d,/home/tom/phd/templateBuilder/template_structures/imgt_clean/5e9d_clean.pdb,EVEQNSGPLSVPEGAIASLNCTYSDRGSTSFFWYRQYSGKSPELIMSIYSNGDKEDGRFTAQLNKASQYVSLLIRDSQPSDSATYLCAVTKYSWGKLQFGAGTQVVVT,AGVTQTPKFQVLKTGQSMTLQCAQDMNHEYMAWYRQDPGMGLRLIHYSVGVGITDQGDVPDGYKVSRSTTEDFPLRLLSAAPSQTSVYFCASRPGWMAGGVELYFGPGTRLTVT,ELAGIGILTV,GSHSMRYFFTSVSRPGRGEPRFIAVGYVDDTQFVRFDSDAASQRMEPRAPWIEQEGPEYWDGETRKVKAHSQTHRVDLGTLRGYYNQSEAGSHTVQRMYGCDVGSDWRFLRGYHQYAYDGKDYIALKEDLRSWTAADMAAQTTKHKWEAAHVAEQLRAYLEGTCVEWLRRYLENGKETLQ
5bs0,/home/tom/phd/templateBuilder/template_structures/imgt_clean/5bs0_clean.pdb,AQEVTQIPAALSVPEGENLVLNCSFTDSAIYNLQWFRQDPGKGLTSLLYVRPYQREQTSGRLNASLDKSSGRSTLYIAASQPGDSATYLCAVRPGGAGPFFVVFGKGTKLSVI,AGVTQTPRYLIKTRGQQVTLSCSPISGHRSVSWYQQTPGQGLQFLFEYFSETQRNKGNFPGRFSGRQFSNSRSEMNVSTLELGDSALYLCASSFNMATGQYFGPGTRLTVT,ESDPIVAQY,GSHSMRYFFTSVSRPGRGEPRFIAVGYVDDTQFVRFDSDAASQKMEPRAPWIEQEGPEYWDQETRNMKAHSQTDRANLGTLRGYYNQSEDGSHTIQIMYGCDVGPDGRFLRGYRQDAYDGKDYIALNEDLRSWTAADMAAQITKRKWEAVHAAEQRRVYLEGRCVDGLRRYLENGKETLQ
4mji,/home/tom/phd/templateBuilder/template_structures/imgt_clean/4mji_clean.pdb,EDPQALSIQEGENATMNCSYKTSINNLQWYRQNSGRGLVHLILIRSNEREKHSGRLRVTLDTSKKSSSLLITASRAADTASYFCATDDDSARQLTFGSGTQLTVL,GVSQTPSNKVTEKGKYVELRCDPISGHTALYWYRQSLGQGPEFLIYFQGTGAADDSGLPNDRFFAVRPEGSVSTLKIQRTERGDSAVYLCASSLTGGGELFFGEGSRLTVL,TAFTIPSI,GSHSMRYFYTAMSRPGRGEPRFIAVGYVDDTQFVRFDSDAASPRTEPRAPWIEQEGPEYWDRNTQIFKTNTQTYRENLRIALRYYNQSEAGSHTWQTMYGCDVGPDGRLLRGHNQYAYDGKDYIALNEDLSSWTAADTAAQITQRKWEAAREAEQLRAYLEGLCVEWLRRHLENGKETLQ
3ffc,/home/tom/phd/templateBuilder/template_structures/imgt_clean/3ffc_clean.pdb,KITQTQPGMFVQEKEAVTLDCTYDTSDPSYGLFWYKQPSSGEMIFVIYQGSYDQGNATEGRYSLNFQKARKSANLVISASQLGDSAMYFCAMREDTGNQFYFGTGTSLTVI,MGVAQSPRYKIIEKRQSVAFWCNPISGHATLYWYQQILGQGPKLLIQFQNNGVVDDSQLPKDRFSAERLKGVDSTLKIQPAKLEDSAVYLCASSFTWTSGGATDTQYFGPGTRLTVL,FLRGRAYGL,GSHSMRYFDTAMSRPGRGEPRFISVGYVDDTQFVRFDSDAASPREEPRAPWIEQEGPEYWDRNTQIFKTNTQTDRESLRNLRGYYNQSEAGSHTLQSMYGCDVGPDGRLLRGHNQYAYDGKDYIALNEDLRSWTAADTAAQITQRKWEAARVAEQDRAYLEGTCVEWLRRYLENGKDTLE
2oi9,/home/tom/phd/templateBuilder/template_structures/imgt_clean/2oi9_clean.pdb,QSVTQPDARVTVSEGASLQLRCKYSYSATPYLFWYVQYPRQGPQLLLKYYSGDPVVQGVNGFEAEFSKSNSSFHLRKASVHRSDSAVYFCAVSGFASALTFGSGTKVIVL,EAAVTQSPRNKVAVTGEKVTLSCNQTNNHNNMYWYRQDTGHELRLIYYSYGAGSTEKGDIPDGYKASRPSQENFSLTLESATPSQTSVYFCASGGGGTLYFGAGTRLSVL,QLSPFPFDL,GPHSMRYYETATSRRGLGEPRYTSVGYVDDKEFVRFDSDAENPRYEPQVPWMEQEGPEYWERITQVAKGQEQWFRVNLRTLLGYYNQSAGGTHTLQRMYGCDVGSDGRLLRGYEQFAYDGCDYIALNEDLRTWTAADMAAQITRRKWEQAGAAEYYRAYLEGECVEWLHRYLKNG
3utt,/home/tom/phd/templateBuilder/template_structures/imgt_clean/3utt_clean.pdb,EVEQDPGPLSVPEGAIVSLNCTYSNSAFQYFMWYRQYSRKGPELLMYTYSSGNKEDGRFTAQVDKSSKYISLFIRDSQPSDSATYLCAMRGDSSYKLIFGSGTRLLVR,GVIQSPRHEVTEMGQQVTLRCKPISGHDYLFWYRQTMMRGLELLIYFNNNVPIDDSGMPEDRFSAKMPNASFSTLKIQPSEPRDSAVYFCASSLWEKLAKNIQYFGAGTRLSVL,ALWGPDPAAA,GSHSMRYFFTSVSRPGRGEPRFIAVGYVDDTQFVRFDSDAASQRMEPRAPWIEQEGPEYWDGETRKVKAHSQTHRVDLGTLRGYYNQSEAGSHTVQRMYGCDVGSDWRFLRGYHQYAYDGKDYIALKEDLRSWTAADMAAQTTKHKWEAAHVAEQLRAYLEGTCVEWLRRYLENGKETLQ
3uts,/home/tom/phd/templateBuilder/template_structures/imgt_clean/3uts_clean.pdb,KEVEQDPGPLSVPEGAIVSLNCTYSNSAFQYFMWYRQYSRKGPELLMYTYSSGNKEDGRFTAQVDKSSKYISLFIRDSQPSDSATYLCAMRGDSSYKLIFGSGTRLLVR,DAGVIQSPRHEVTEMGQQVTLRCKPISGHDYLFWYRQTMMRGLELLIYFNNNVPIDDSGMPEDRFSAKMPNASFSTLKIQPSEPRDSAVYFCASSLWEKLAKNIQYFGAGTRLSVL,ALWGPDPAAA,GSHSMRYFFTSVSRPGRGEPRFIAVGYVDDTQFVRFDSDAASQRMEPRAPWIEQEGPEYWDGETRKVKAHSQTHRVDLGTLRGYYNQSEAGSHTVQRMYGCDVGSDWRFLRGYHQYAYDGKDYIALKEDLRSWTAADMAAQTTKHKWEAAHVAEQLRAYLEGTCVEWLRRYLENGKETLQ
3o4l,/home/tom/phd/templateBuilder/template_structures/imgt_clean/3o4l_clean.pdb,FLSVREGDSSVINCTYTDSSSTYLYWYKQEPGAGLQLLTYIFSNMDMKQDQRKTVLLNKKDKHLSLRIADTQTGDSAIYFCAEDNNARLMFGDGTQLVVK,GAVVSQHPSWVICKSGTSVKIECRSLDFQATTMFWYRQFPKQSLMLMATSNEGSKATYEQGVEKDKFLINHASLTLSTLTVTSAHPEDSSFYICSARDGTGNGYTFGSGTRLTVV,GLCTLVAML,GSHSMRYFFTSVSRPGRGEPRFIAVGYVDDTQFVRFDSDAASQRMEPRAPWIEQEGPEYWDGETRKVKAHSQTHRVDLGTLRGYYNQSEAGSHTVQRMYGCDVGSDWRFLRGYHQYAYDGKDYIALKEDLRSWTAADMAAQTTKHKWEAAHVAEQLRAYLEGTCVEWLRRYLENGKETLQ
4l3e,/home/tom/phd/templateBuilder/template_structures/imgt_clean/4l3e_clean.pdb,KEVEQNSGPLSVPEGAIASLNCTYSYRGSQSFFWYRQYSGKSPELIMFIYSNGDKEDGRFTAQLNKASQYVSLLIRDSQPSDSATYLCAVNFGGGKLIFGQGTELSVK,IAGITQAPTSQILAAGRRMTLRCTQDMRHNAMYWYRQDLGLGLRLIHYSNTAGTTGKGEVPDGYSVSRANTDDFPLTLASAVPSQTSVYFCASSWSFGTEAFFGQGTRLTVV,ELAGIGILTV,GSHSMRYFFTSVSRPGRGEPRFIAVGYVDDTQFVRFDSDAASQRMEPRAPWIEQEGPEYWDGETRKVKAHSQTHRVDLGTLRGYYNQSEAGSHTVQRMYGCDVGSDWRFLRGYHQYAYDGKDYIALKEDLRSWTAADMAAQTTKHKWEAAHVAEQLRAYLEGTCVEWLRRYLENGKETLQ
2uwe,/home/tom/phd/templateBuilder/template_structures/imgt_clean/2uwe_clean.pdb,MDSVTQTEGLVTLTEGLPVMLNCTYQSTYSPFLFWYVQHLNEAPKLLLKSFTDNKRPEHQGFHATLHKSSSSFHLQKSSAQLSDSALYYCALFLASSSFSKLVFGQGTSLSVV,EAAVTQSPRSKVAVTGGKVTLSCHQTNNHDYMYWYRQDTGHGLRLIHYSYVADSTEKGDIPDGYKASRPSQENFSLILELASLSQTAVYFCASSDWVSYEQYFGPGTRLTVL,ALWGFFPVL,GSHSMRYFFTSVSRPGRGEPRFIAVGYVDDTQFVRFDSDAASQRMEPRAPWIEQEGPEYWDGETRKVKAHSQTHRVDLGTLRGYYNQSEAGSHTVQRMYGCDVGSDWRFLRGYHQYAYDGKDYIALKEDLRSWTAADMAAQTTKHKWEAAHVAEQLRAYLEGACVEWLRRYLENGKETLQ
4nhu,/home/tom/phd/templateBuilder/template_structures/imgt_clean/4nhu_clean.pdb,SVTQPDARVTVSEGASLQLRCKYSYSATPYLFWYVQYPRQGLQLLLKYYSGDPVVQGVNGFEAEFSKSNSSFHLRKASVHWSDSAVYFCAVSLHRPALTFGSGTKVIVL,AAVTQSPRNKVAVTGGKVTLSCNQTNNHNNMYWYRQDTGHGLRLIHYSYGAGSTEKGDIPDGYKASRPSQENFSLILELATPSQTSVYFCASGGGGTLYFGAGTRLSVL,,GPHSMRYFETAVSRPGLGEPRYISVGYVDDKEFVRFDSDAENPRYEPQVPWMEQEGPEYWERITQVAKGQEQWFRVNLRTLLGYYNQSAGGTHTLQRMYGCDVGSDGRLLRGYEQFAYDGCDYIALNEDLRTWTAADMAAQITRRKWEQAGAAEYYRAYLEGECVEALHRYLKNGGAPWN
3qeq,/home/tom/phd/templateBuilder/template_structures/imgt_clean/3qeq_clean.pdb,QLNQSPQSMFIQEGEDVSMNCTSSSIFNTWLWYKQDPGEGPVLLIALYKAGELTSNGRLTAQFGITRKDSFLNISASIPSDVGIYFCAGGTGNQFYFGTGTSLTVI,DAGITQSPRHKVTETGTPVTLRCHQTENHRYMYWYRQDPGHGLRLIHYSYGVKDTDKGEVSDGYSVSRSKTEDFLLTLESATSSQTSVYFCAISEVGVGQPQHFGDGTRLSIL,AAGIGILTV,GSHSMRYFFTSVSRPGRGEPRFIAVGYVDDTQFVRFDSDAASQRMEPRAPWIEQEGPEYWDGETRKVKAHSQTHRVDLGTLRGYYNQSEAGSHTVQRMYGCDVGSDWRFLRGYHQYAYDGKDYIALKEDLRSWTAADMAAQTTKHKWEAAHVAEQLRAYLEGTCVEWLRRYLENGKETLQ
4jfd,/home/tom/phd/templateBuilder/template_structures/imgt_clean/4jfd_clean.pdb,KQEVEQNSGPLSVPEGAIASLNCTYSFLGSQSFFWYRQYSGKSPELIMFTYREGDKEDGRFTAQLNKASQHVSLLIRDSQPSDSATYLCAVNDGGRLTFGDGTTLTVK,SQTIHQWPATLVQPVGSPLSLECTVEGTSNPNLYWYRQAAGRGPQLLFYWGPFGQISSEVPQNLSASRPQDRQFILSSKKLLLSDSGFYLCAWSETGLGMGGWQFGEGSRLTVL,ELAAIGILTV,GSHSMRYFFTSVSRPGRGEPRFIAVGYVDDTQFVRFDSDAASQRMEPRAPWIEQEGPEYWDGETRKVKAHSQTHRVDLGTLRGYYNQSEAGSHTVQRMYGCDVGSDWRFLRGYHQYAYDGKDYIALKEDLRSWTAADMAAQTTKHKWEAAHVAEQLRAYLEGTCVEWLRRYLENGKETLQ
4jfe,/home/tom/phd/templateBuilder/template_structures/imgt_clean/4jfe_clean.pdb,QKEVEQNSGPLSVPEGAIASLNCTYSFLGSQSFFWYRQYSGKSPELIMFTYREGDKEDGRFTAQLNKASQHVSLLIRDSQPSDSATYLCAVNDGGRLTFGDGTTLTVK,SQTIHQWPATLVQPVGSPLSLECTVEGTSNPNLYWYRQAAGRGPQLLFYWGPFGQISSEVPQNLSASRPQDRQFILSSKKLLLSDSGFYLCAWSETGLGMGGWQFGEGSRLTVL,ELAGIGALTV,GSHSMRYFFTSVSRPGRGEPRFIAVGYVDDTQFVRFDSDAASQRMEPRAPWIEQEGPEYWDGETRKVKAHSQTHRVDLGTLRGYYNQSEAGSHTVQRMYGCDVGSDWRFLRGYHQYAYDGKDYIALKEDLRSWTAADMAAQTTKHKWEAAHVAEQLRAYLEGTCVEWLRRYLENGKETLQ
4mxq,/home/tom/phd/templateBuilder/template_structures/imgt_clean/4mxq_clean.pdb,QSVTQPDARVTVSEGASLQLRCKYSYSATPYLFWYVQYPRQGLQMLLKYYSGDPVVQGVNGFEAEFSKSDSSFHLRKASVHWSDSAVYFCAVSAKGTGSKLSFGKGAKLTVS,AVTQSPRNKVTVTGGNVTLSCRQTNSHNYMYWYRQDTGHGLRLIHYSYGAGNLQIGDVPDGYKATRTTQEDFFLLLELASPSQTSLYFCASSDAPGQLYFGEGSKLTVL,SPAPRPLDL,PHSMRYYETATSRRGLGEPRYTSVGYVDDKEFVRFDSDAENPRYEPQVPWMEQEGPEYWERITQIAKGQEQWFRVNLRTLLGYYNQSAGGTHTLQWMYGCDVGSDGRLLRGYEQFAYDGCDYIALNEDLRTWTAADMAAQITRRKWEQAGAAEYYRAYLEGECVEWLHRYLKNG
3mv8,/home/tom/phd/templateBuilder/template_structures/imgt_clean/3mv8_clean.pdb,QVTQSPEALRLQEGESSSLNCSYTVSGLRGLFWYRQDPGKGPEFLFTLYSAGEEKEKERLKATLTKKESFLHITAPKPEDSATYLCAVQDLGTSGSRLTFGEGTQLTVN,DSGVTQTPKHLITATGQRVTLRCSPRSGDLSVYWYQQSLDQGLQFLIHYYNGEERAKGNILERFSAQQFPDLHSELNLSSLELGDSALYFCASSARSGELFFGEGSRLTVL,HPVGEADYFEY,GSHSMRYFYTAMSRPGRGEPRFIAVGYVDDTQFVRFDSDAASPRTEPRAPWIEQEGPEYWDRNTQIFKTNTQTYRESLRNLRGYYNQSEAGSHIIQRMYGCDLGPDGRLLRGHDQSAYDGKDYIALNEDLSSWTAADTAAQITQRKWEAARVAEQLRAYLEGLCVEWLRRYLENGKETLQ
3mv9,/home/tom/phd/templateBuilder/template_structures/imgt_clean/3mv9_clean.pdb,QVTQSPEALRLQEGESSSLNCSYTVSGLRGLFWYRQDPGKGPEFLFTLYSAGEEKEKERLKATLTKKESFLHITAPKPEDSATYLCAVQDLGTSGSRLTFGEGTQLTVN,DSGVTQTPKHLITATGQRVTLRCSPRSGDLSVYWYQQSLDQGLQFLIAYYNGEERAKGNILERFSAQQFPDLHSELNLSSLELGDSALYFCASSARSGELFFGEGSRLTVL,HPVGEADYFEY,GSHSMRYFYTAMSRPGRGEPRFIAVGYVDDTQFVRFDSDAASPRTEPRAPWIEQEGPEYWDRNTQIFKTNTQTYRESLRNLRGYYNQSEAGSHIIQRMYGCDLGPDGRLLRGHDQSAYDGKDYIALNEDLSSWTAADTAAQITQRKWEAARVAEQLRAYLEGLCVEWLRRYLENGKETLQ
3mv7,/home/tom/phd/templateBuilder/template_structures/imgt_clean/3mv7_clean.pdb,QVTQSPEALRLQEGESSSLNCSYTVSGLRGLFWYRQDPGKGPEFLFTLYSAGEEKEKERLKATLTKKESFLHITAPKPEDSATYLCAVQDLGTSGSRLTFGEGTQLTVN,DSGVTQTPKHLITATGQRVTLRCSPRSGDLSVYWYQQSLDQGLQFLIQYYNGEERAKGNILERFSAQQFPDLHSELNLSSLELGDSALYFCASSARSGELFFGEGSRLTVL,HPVGEADYFEY,GSHSMRYFYTAMSRPGRGEPRFIAVGYVDDTQFVRFDSDAASPRTEPRAPWIEQEGPEYWDRNTQIFKTNTQTYRESLRNLRGYYNQSEAGSHIIQRMYGCDLGPDGRLLRGHDQSAYDGKDYIALNEDLSSWTAADTAAQITQRKWEAARVAEQLRAYLEGLCVEWLRRYLENGKETLQ
5euo,/home/tom/phd/templateBuilder/template_structures/imgt_clean/5euo_clean.pdb,LLEQSPQFLSIQEGENLTVYCNSSSVFSSLQWYRQEPGEGPVLLVTVVTGGEVKKLKRLTFQFGDARKDSSLHITAAQPGDTGLYLCAGAIGPSNTGKLIFGKGTKLSVK,GITQSPKYLFRKEGQNVTLSCEQNLNHDAMYWYRQDPGQGLRLIYYSQIVNDFQKGDIAEGYSVSREKKESFPLTVTSAQANPTAFYLCASSIRSSYEQYFGPGTRLTVT,GILGFVFTL,GSHSMRYFFTSVSRPGRGEPRFIAVGYVDDTQFVRFDSDAASQRMEPRAPWIEQEGPEYWDGETRKVKAHSQTHRVDLGTLRGYYNQSEAGSHTVQRMYGCDVGSDWRFLRGYHQYAYDGKDYIALKEDLRSWTAADMAAQTTKHKWEAAHVAEQLRAYLEGTCVEWLRRYLENGKETLQ
4mnq,/home/tom/phd/templateBuilder/template_structures/imgt_clean/4mnq_clean.pdb,IQVEQSPPDLILQEGANSTLRCNFSDSVNNLWWFHQNPWGQLINLFYIPSGTKQNGRLSATTVATERYSLLYISSSQTTDSGVYFCAVDSATALPYGYIFGTGTRLKVL,AGVTQTPKFQVLKTGQSMTLQCAQDMNHEYMSWYRQDPGMGLRLIHYSIHPEYTDQGEVPNGYNVSRSTTEDFPLRLLSAAPSQTSVYFCASSYQGTEAFFGQGTRLTVV,ILAKFLHWL,GSHSMRYFFTSVSRPGRGEPRFIAVGYVDDTQFVRFDSDAASQRMEPRAPWIEQEGPEYWDGETRKVKAHSQTHRVDLGTLRGYYNQSEAGSHTVQRMYGCDVGSDWRFLRGYHQYAYDGKDYIALKEDLRSWTAADMAAQTTKHKWEAAHVAEQLRAYLEGTCVEWLRRYLENGKETLQ
5d2n,/home/tom/phd/templateBuilder/template_structures/imgt_clean/5d2n_clean.pdb,DAKTTQPNSMESNEEEPVHLPCNHSTISGTDYIHWYRQLPSQGPEYVIHGLTSNVNNRMASLAIAEDRKSSTLILHRATLRDAAVYYCILDNNNDMRFGAGTRLTVK,GAGVSQSPRYKVTKRGQDVALRCDPISGHVSLYWYRQALGQGPEFLTYFNYEAQQDKSGLPNDRFSAERPEGSISTLTIQRTEQRDSAMYRCASSLAPGTTNEKLFFGSGTQLSVL,NLVPMVATV,SHSMRYFFTSVSRPGRGEPRFIAVGYVDDTQFVRFDSDAASQRMEPRAPWIEQEGPEYWDGETRKVKAHSQTHRVDLGTLRGYYNQSEAGSHTVQRMYGCDVGSDWRFLRGYHQYAYDGKDYIALKEDLRSWTAADMAAQTTKHKWEAAHVAEQLRAYLEGTCVEWLRRYLENGKETLQ
5swz,/home/tom/phd/templateBuilder/template_structures/imgt_clean/5swz_clean.pdb,QQQVRQSPQSLTVWEGETAILNCSYEDSTFNYFPWYQQFPGEGPALLISIRSVSDKKEDGRFTIFFNKREKKLSLHITDSQPGDSATYFCAASETSGSWQLIFGSGTTVSVS,TVKQNPRYKLARVGKPVNLICSQTMNHDTMYWYQKKPNQAPKLLLFYYDKILNREADTFEKFQSSRPNNSFCSLYIGSAGLEYSAMYLCASSRDLGRDTQYFGPGTRLTVL,ASNENMETM,GPHSMRYFETAVSRPGLEEPRYISVGYVDNKEFVRFDSDAENPRYEPRAPWMEQEGPEYWERETQKAKGQEQWFRVSLRNLLGYYNQSAGGSHTLQQMSGCDLGSDWRLLRGYLQFAYEGRDYIALNEDLKTWTAADMAAQITRRKWEQSGAAEHYKAYLEGECVEWLHRYLKNGNATLL
3rgv,/home/tom/phd/templateBuilder/template_structures/imgt_clean/3rgv_clean.pdb,DSVTQMQGQVTLSENDFLFINCTYSTTGYPTLFWYVQYSGEGPQLLLQVTTANNKGSSRGFEATYDKGTTSFHLQKTSVQEIDSAVYYCAANSGTYQRFGTGTKLQVV,AVTQSPRNKVAVTGGKVTLSCNQTNNHNNMYWYRQDTGHGLRLIHYSYGAGSTEKGDIPDGYKASRPSQENFSLILELATPSQTSVYFCASGDFWGDTLYFGAGTRLSVL,WIYVYRPMGCGGS,GPHSLRYFVTAVSRPGLGEPRYMEVGYVDDTEFVRFDSDAENPRYEPRARWMEQEGPEYWERETQKAKGNEQSFRVDLRTLLGCYNQSKGGSHTIQVISGCEVGSDGRLLRGYQQYAYDGSDYIALNEDLKTWTAADMAALITKHKWEQAGEAERLRAYLEGTCVEWLRRYLKNGNATLL
2p5w,/home/tom/phd/templateBuilder/template_structures/imgt_clean/2p5w_clean.pdb,KQQVTQIPAALSVPEGENLVLNCSFTDSAIYNLQWFRQDPGKGLTSLLLITPWQREQTSGRLNASLDKSSGSSTLYIAASQPGDSATYLCAVRPLLDGTYIPTFGRGTSLIVH,MGVTQTPKFQVLKTGQSMTLQCAQDMNHEYMSWYRQDPGMGLRLIHYSVSVGMTDQGEVPNGYNVSRSTIEDFPLRLLSAAPSQTSVYFCASSYLGNTGELFFGEGSRLTVL,SLLMWITQC,GSHSMRYFFTSVSRPGRGEPRFIAVGYVDDTQFVRFDSDAASQRMEPRAPWIEQEGPEYWDGETRKVKAHSQTHRVDLGTLRGYYNQSEAGSHTVQRMYGCDVGSDWRFLRGYHQYAYDGKDYIALKEDLRSWTAADMAAQTTKHKWEAAHVAEQLRAYLEGTCVEWLRRYLENGKETLQ
2p5e,/home/tom/phd/templateBuilder/template_structures/imgt_clean/2p5e_clean.pdb,KQEVTQIPAALSVPEGENLVLNCSFTDSAIYNLQWFRQDPGKGLTSLLLITPWQREQTSGRLNASLDKSSGSSTLYIAASQPGDSATYLCAVRPLLDGTYIPTFGRGTSLIVH,GVTQTPKFQVLKTGQSMTLQCAQDMNHEYMSWYRQDPGMGLRLIHYSVAIQTTDQGEVPNGYNVSRSTIEDFPLRLLSAAPSQTSVYFCASSYLGNTGELFFGEGSRLTVL,SLLMWITQC,GSHSMRYFFTSVSRPGRGEPRFIAVGYVDDTQFVRFDSDAASQRMEPRAPWIEQEGPEYWDGETRKVKAHSQTHRVDLGTLRGYYNQSEAGSHTVQRMYGCDVGSDWRFLRGYHQYAYDGKDYIALKEDLRSWTAADMAAQTTKHKWEAAHVAEQLRAYLEGTCVEWLRRYLENGKETLQ
1mwa,/home/tom/phd/templateBuilder/template_structures/imgt_clean/1mwa_clean.pdb,QSVTQPDARVTVSEGASLQLRCKYSYSATPYLFWYVQYPRQGLQLLLKYYSGDPVVQGVNGFEAEFSKSNSSFHLRKASVHWSDSAVYFCAVSGFASALTFGSGTKVIVL,EAAVTQSPRNKVAVTGGKVTLSCNQTNNHNNMYWYRQDTGHGLRLIHYSYGAGSTEKGDIPDGYKASRPSQENFSLILELATPSQTSVYFCASGGGGTLYFGAGTRLSVL,EQYKFYSV,GPHSLRYFVTAVSRPGLGEPRYMEVGYVDDTEFVRFDSDAENPRYEPRARWMEQEGPEYWERETQKAKGNEQSFRVSLRTLLGYYNQSAGGSHTIQVISGCEVGSDGRLLRGYQQYAYDGCDYIALNEDLKTWTAADMAALITKHKWEQAGEAERLRAYLEGTCVEWLRRYLKNGNATLL
2f53,/home/tom/phd/templateBuilder/template_structures/imgt_clean/2f53_clean.pdb,KQEVTQIPAALSVPEGENLVLNCSFTDSAIYNLQWFRQDPGKGLTSLLLIPFWQREQTSGRLNASLDKSSGRSTLYIAASQPGDSATYLCAVRPTSGGSYIPTFGRGTSLIVH,NAGVTQTPKFQVLKTGQSMTLQCAQDMNHEYMSWYRQDPGMGLRLIHYSVSVGMTDQGEVPNGYNVSRSTTEDFPLRLLSAAPSQTSVYFCASSYVGNTGELFFGEGSRLTVL,SLLMWITQC,GSHSMRYFFTSVSRPGRGEPRFIAVGYVDDTQFVRFDSDAASQRMEPRAPWIEQEGPEYWDGETRKVKAHSQTHRVDLGTLRGYYNQSEAGSHTVQRMYGCDVGSDWRFLRGYHQYAYDGKDYIALKEDLRSWTAADMAAQTTKHKWEAAHVAEQLRAYLEGTCVEWLRRYLENGKETLQ
1oga,/home/tom/phd/templateBuilder/template_structures/imgt_clean/1oga_clean.pdb,QLLEQSPQFLSIQEGENLTVYCNSSSVFSSLQWYRQEPGEGPVLLVTVVTGGEVKKLKRLTFQFGDARKDSSLHITAAQPGDTGLYLCAGAGSQGNLIFGKGTKLSVK,GITQSPKYLFRKEGQNVTLSCEQNLNHDAMYWYRQDPGQGLRLIYYSQIVNDFQKGDIAEGYSVSREKKESFPLTVTSAQKNPTAFYLCASSSRSSYEQYFGPGTRLTVT,GILGFVFTL,GSHSMRYFFTSVSRPGRGEPRFIAVGYVDDTQFVRFDSDAASQRMEPRAPWIEQEGPEYWDGETRKVKAHSQTHRVDLGTLRGYYNQSEAGSHTVQRMYGCDVGSDWRFLRGYHQYAYDGKDYIALKEDLRSWTAADMAAQTTKHKWEAAHVAEQLRAYLEGTCVEWLRRYLENGKETLQ
2f54,/home/tom/phd/templateBuilder/template_structures/imgt_clean/2f54_clean.pdb,QQVTQIPAALSVPEGENLVLNCSFTDSAIYNLQWFRQDPGGKLTSLLLIQSSQREQTSGRLNASLDKSAGSSTLYIAASQPGDSATYLCAVRPTSGGSYIPTFGRGTSLIVH,GVTQTPKFQVLKTGQSMTLQCAQDMNHEYMSWYRQDPGMGLRLIHYSVGAGITDQGEVPNGYNVSRSTTEDFPLRLLSAAPSQTSVYFCASSYVGNTGELFFGEGSRLTVL,SLLMWITQC,GSHSMRYFFTSVSRPGRGEPRFIAVGYVDDTQFVRFDSDAASQRMEPRAPWIEQEGPEYWDGETRKVKAHSQTHRVDLGTLRGYYNQSEAGSHTVQRMYGCDVGSDWRFLRGYHQYAYDGKDYIALKEDLRSWTAADMAAQTTKHKWEAAHVAEQLRAYLEGTCVEWLRRYLENGKETLQ
2bnr,/home/tom/phd/templateBuilder/template_structures/imgt_clean/2bnr_clean.pdb,QEVTQIPAALSVPEGENLVLNCSFTDSAIYNLQWFRQDPGKGLTSLLLIQSSQREQTSGRLNASLDKSSGRSTLYIAASQPGDSATYLCAVRPTSGGSYIPTFGRGTSLIVH,GVTQTPKFQVLKTGQSMTLQCAQDMNHEYMSWYRQDPGMGLRLIHYSVGAGITDQGEVPNGYNVSRSTTEDFPLRLLSAAPSQTSVYFCASSYVGNTGELFFGEGSRLTVL,SLLMWITQC,GSHSMRYFFTSVSRPGRGEPRFIAVGYVDDTQFVRFDSDAASQRMEPRAPWIEQEGPEYWDGETRKVKAHSQTHRVDLGTLRGYYNQSEAGSHTVQRMYGCDVGSDWRFLRGYHQYAYDGKDYIALKEDLRSWTAADMAAQTTKHKWEAAHVAEQLRAYLEGTCVEWLRRYLENGKETLQ
2bnq,/home/tom/phd/templateBuilder/template_structures/imgt_clean/2bnq_clean.pdb,QEVTQIPAALSVPEGENLVLNCSFTDSAIYNLQWFRQDPGKGLTSLLLIQSSQREQTSGRLNASLDKSSGRSTLYIAASQPGDSATYLCAVRPTSGGSYIPTFGRGTSLIVH,GVTQTPKFQVLKTGQSMTLQCAQDMNHEYMSWYRQDPGMGLRLIHYSVGAGITDQGEVPNGYNVSRSTTEDFPLRLLSAAPSQTSVYFCASSYVGNTGELFFGEGSRLTVL,SLLMWITQV,GSHSMRYFFTSVSRPGRGEPRFIAVGYVDDTQFVRFDSDAASQRMEPRAPWIEQEGPEYWDGETRKVKAHSQTHRVDLGTLRGYYNQSEAGSHTVQRMYGCDVGSDWRFLRGYHQYAYDGKDYIALKEDLRSWTAADMAAQTTKHKWEAAHVAEQLRAYLEGTCVEWLRRYLENGKETLQ
5yxu,/home/tom/phd/templateBuilder/template_structures/imgt_clean/5yxu_clean.pdb,AQTVTQSQPEMSVQEAETVTLSCTYDTSENDYILFWYKQPPSRQMILVIRQEAYKQQNATENRFSVNFQKAAKSFSLKISDSQLGDAAMYFCAYGEDDKIIFGKGTRLHIL,EADIYQTPRYLVIGTGKKITLECSQTMGHDKMYWYQQDPGMELHLIHYSYGVNSTEKGDLSSESTVSRIRTEHFPLTLESARPSHTSQYLCASRRGSAELYFGPGTRLTVT,KLVALGINAV,GSHSMRYFFTSVSRPGRGEPRFIAVGYVDDTQFVRFDSDAASQRMEPRAPWIEQEGPEYWDGETRKVKAHSQTHRVDLGTLRGYYNQSEAGSHTVQRMYGCDVGSDWRFLRGYHQYAYDGKDYIALKEDLRSWTAADMAAQTTKHKWEAAHVAEQLRAYLEGTCVEWLRRYLENGKETLQ
5men,/home/tom/phd/templateBuilder/template_structures/imgt_clean/5men_clean.pdb,IQVEQSPPDLILQEGANSTLRCNFSDSVNNLQWFHQNPWGQLINLFYIPSGTKQNGRLSATTVATERYSLLYISSSQTTDSGVYFCAVDSATSGTYKYIFGTGTRLKVL,AGVTQTPKFQVLKTGQSMTLQCAQDMNHEYMSWYRQDPGMGLRLIHYSVGAGITDQGEVPNGYNVSRSTTEDFPLRLLSAAPSQTSVYFCASSYQGTEAFFGQGTRLTVV,ILAKFLHWL,GSHSMRYFFTSVSRPGRGEPRFIAVGYVDDTQFVRFDSDAASQRMEPRAPWIEQEGPEYWDGETRKVKAHSQTHRVDLGTLRGYYNQSEAGSHTVQRMYGCDVGSDWRFLRGYHQYAYDGKDYIALKEDLRSWTAADMAAQTTKHKWEAAHVAEQLRAYLEGTCVEWLRRYLENGKETLQ
3pwp,/home/tom/phd/templateBuilder/template_structures/imgt_clean/3pwp_clean.pdb,KEVEQNSGPLSVPEGAIASLNCTYSDRGSQSFFWYRQYSGKSPELIMSIYSNGDKEDGRFTAQLNKASQYVSLLIRDSQPSDSATYLCAVTTDSWGKLQFGAGTQVVVT,NAGVTQTPKFQVLKTGQSMTLQCAQDMNHEYMSWYRQDPGMGLRLIHYSVGAGITDQGEVPNGYNVSRSTTEDFPLRLLSAAPSQTSVYFCASRPGLAGGRPEQYFGPGTRLTVT,LGYGFVNYI,GSHSMRYFFTSVSRPGRGEPRFIAVGYVDDTQFVRFDSDAASQRMEPRAPWIEQEGPEYWDGETRKVKAHSQTHRVDLGTLRGYYNQSEAGSHTVQRMYGCDVGSDWRFLRGYHQYAYDGKDYIALKEDLRSWTAADMAAQTTKHKWEAAHVAEQLRAYLEGTCVEWLRRYLENGKETLQ
2j8u,/home/tom/phd/templateBuilder/template_structures/imgt_clean/2j8u_clean.pdb,MDSVTQTEGLVTLTEGLPVMLNCTYQSTYSPFLFWYVQHLNEAPKLLLKSFTDNKRPEHGFHATLHKSSSSFHLQKSSAQLSDSALYYCALFLASSSFSKLVFGQGTSLSVV,EAAVTQSPRSKVAVTGGKVTLSCHQTNNHDYMYWYRQDTGHGLRLIHYSYVADSTEKGDIPDGYKASRPSQENFSLILELASLSQTAVYFCASSDWVSYEQYFGPGTRLTVL,ALWGFFPVL,GSHSMRYFFTSVSRPGRGEPRFIAVGYVDDTQFVRFDSDAASQRMEPRAPWIEQEGPEYWDGETRAVKAHSQTHRVDLGTLRGYYNQSEAGSHTVQRMYGCDVGSDWRFLRGYHQYAYDGKDYIALKEDLRSWTAADMAAQTTKHKWEAAHVAEQLRAYLEGTCVEWLRRYLENGKETLQ
6am5,/home/tom/phd/templateBuilder/template_structures/imgt_clean/6am5_clean.pdb,KEVEQNSGPLSVPEGAIASLNCTYSDRGSQSFFWYRQYSGKSPELIMFIYSNGDKEDGRFTAQLNKASQYVSLLIRDSQPSDSATYLCAVNFGGGKLIFGQGTELSVK,IAGITQAPTSQILAAGRRMTLRCTQDMRHNAMYWYRQDLGLGLRLIHYSNTAGTTGKGEVPDGYSVSRANTDDFPLTLASAVPSQTSVYFCASSLSFGTEAFFGQGTRLTVV,SMLGIGIVPV,GSHSMRYFFTSVSRPGRGEPRFIAVGYVDDTQFVRFDSDAASQRMEPRAPWIEQEGPEYWDGETRKVKAHSQTHRVDLGTLRGYYNQSEAGSHTVQRMYGCDVGSDWRFLRGYHQYAYDGKDYIALKEDLRSWTAADMAAQTTKHKWEAAHVAEQLRAYLEGTCVEWLRRYLENGKETLQ
6mtm,/home/tom/phd/templateBuilder/template_structures/imgt_clean/6mtm_clean.pdb,QSPQAVILREGEDAVINCSSSKALYSVHWYRQKHGEAPVFLMILLKGGEQKGHEKISASFNEKKQQSSLYLTASQLSYSGTYFCGTERSGGYQKVTFGIGTKLQVI,GITQSPKYLFRKEGQNVTLSCEQNLNHDAMYWYRQDPGQGLRLIYYSQIVNDFQKGDIAEGYSVSREKKESFPLTVTSAQPTAFYLCASSMSAMGTEAFFGQGTRLTVV,FEDLRVLSF,GSHSMRYFHTSVSRPGRGEPRFISVGYVDDTQFVRFDSDAASPRTEPRAPWIEQEGPEYWDRETQISKTNTQTYREDLRTLLRYYNQSEAGSHTIQRMSGCDVGPDGRLLRGYNQFAYDGKDYIALNEDLSSWTAADTAAQITQRKWEAARVAEQDRAYLEGTCVEWLRRYLENGKETLQ
3hg1,/home/tom/phd/templateBuilder/template_structures/imgt_clean/3hg1_clean.pdb,QEVEQNSGPLSVPEGAIASLNCTYSDRGSQSFFWYRQYSGKSPELIMFIYSNGDKEDGRFTAQLNKASQYVSLLIRDSQPSDSATYLCAVNVAGKSTFGDGTTLTVK,SQTIHQWPATLVQPVGSPLSLECTVEGTSNPNLYWYRQAAGRGLQLLFYSVGIGQISSEVPQNLSASRPQDRQFILSSKKLLLSDSGFYLCAWSETGLGTGELFFGEGSRLTVL,ELAGIGILTV,GSHSMRYFFTSVSRPGRGEPRFIAVGYVDDTQFVRFDSDAASQRMEPRAPWIEQEGPEYWDGETRKVKAHSQTHRVDLGTLRGYYNQSEAGSHTVQRMYGCDVGSDWRFLRGYHQYAYDGKDYIALKEDLRSWTAADMAAQTTKHKWEAAHVAEQLRAYLEGTCVEWLRRYLENGKETLQ
5c08,/home/tom/phd/templateBuilder/template_structures/imgt_clean/5c08_clean.pdb,EVEQDPGPLSVPEGAIVSLNCTYSNSAFQYFMWYRQYSRKGPELLMYTYSSGNKEDGRFTAQVDKSSKYISLFIRDSQPSDSATYLCAMRGDSSYKLIFGSGTRLLVR,GVIQSPRHEVTEMGQQVTLRCKPISGHDYLFWYRQTMMRGLELLIYFNNNVPIDDSGMPEDRFSAKMPNASFSTLKIQPSEPRDSAVYFCASSLWEKLAKNIQYFGAGTRLSVL,RQWGPDPAAV,GSHSMRYFFTSVSRPGRGEPRFIAVGYVDDTQFVRFDSDAASQRMEPRAPWIEQEGPEYWDGETRKVKAHSQTHRVDLGTLRGYYNQSEAGSHTVQRMYGCDVGSDWRFLRGYHQYAYDGKDYIALKEDLRSWTAADMAAQTTKHKWEAAHVAEQLRAYLEGTCVEWLRRYLENGKETLQ
5brz,/home/tom/phd/templateBuilder/template_structures/imgt_clean/5brz_clean.pdb,AQEVTQIPAALSVPEGENLVLNCSFTDSAIYNLQWFRQDPGKGLTSLLYVRPYQREQTSGRLNASLDKSSGRSTLYIAASQPGDSATYLCAVRPGGAGPFFVVFGKGTKLSVI,AGVTQTPRYLIKTRGQQVTLSCSPISGHRSVSWYQQTPGQGLQFLFEYFSETQRNKGNFPGRFSGRQFSNSRSEMNVSTLELGDSALYLCASSFNMATGQYFGPGTRLTVT,EVDPIGHLY,GSHSMRYFFTSVSRPGRGEPRFIAVGYVDDTQFVRFDSDAASQKMEPRAPWIEQEGPEYWDQETRNMKAHSQTDRANLGTLRGYYNQSEDGSHTIQIMYGCDVGPDGRFLRGYRQDAYDGKDYIALNEDLRSWTAADMAAQITKRKWEAVHAAEQRRVYLEGRCVDGLRRYLENGKETLQ
5c07,/home/tom/phd/templateBuilder/template_structures/imgt_clean/5c07_clean.pdb,KEVEQDPGPLSVPEGAIVSLNCTYSNSAFQYFMWYRQYSRKGPELLMYTYSSGNKEDGRFTAQVDKSSKYISLFIRDSQPSDSATYLCAMRGDSSYKLIFGSGTRLLVR,DAGVIQSPRHEVTEMGQQVTLRCKPISGHDYLFWYRQTMMRGLELLIYFNNNVPIDDSGMPEDRFSAKMPNASFSTLKIQPSEPRDSAVYFCASSLWEKLAKNIQYFGAGTRLSVL,YQFGPDFPIA,GSHSMRYFFTSVSRPGRGEPRFIAVGYVDDTQFVRFDSDAASQRMEPRAPWIEQEGPEYWDGETRKVKAHSQTHRVDLGTLRGYYNQSEAGSHTVQRMYGCDVGSDWRFLRGYHQYAYDGKDYIALKEDLRSWTAADMAAQTTKHKWEAAHVAEQLRAYLEGTCVEWLRRYLENGKETLQ
2esv,/home/tom/phd/templateBuilder/template_structures/imgt_clean/2esv_clean.pdb,KTTQPPSMDCAEGRAANLPCNHSTISGNEYVYWYRQIHSQGPQYIIHGLKNNETNEMASLIITEDRKSSTLILPHATLRDTAVYYCIVVRSSNTGKLIFGQGTTLQVK,GVTQFPSHSVIEKGQTVTLRCDPISGHDNLYWYRRVMGKEIKFLLHFVKESKQDESGMPNNRFLAERTGGTYSTLKVQPAELEDSGVYFCASSQDRDTQYFGPGTRLTVL,VMAPRTLIL,SHSLKYFHTSVSRPGRGEPRFISVGYVDDTQFVRFDNDAASPRMVPRAPWMEQEGSEYWDRETRSARDTAQIFRVNLRTLRGYYNQSEAGSHTLQWMHGCELGPDRRFLRGYEQFAYDGKDYLTLNEDLRSWTAVDTAAQISEQKSNDASEAEHQRAYLEDTCVEWLHKYLEKGKETLL
1qrn,/home/tom/phd/templateBuilder/template_structures/imgt_clean/1qrn_clean.pdb,KEVEQNSGPLSVPEGAIASLNCTYSDRGSQSFFWYRQYSGKSPELIMSIYSNGDKEDGRFTAQLNKASQYVSLLIRDSQPSDSATYLCAVTTDSWGKLQFGAGTQVVVT,GVTQTPKFQVLKTGQSMTLQCAQDMNHEYMSWYRQDPGMGLRLIHYSVGAGITDQGEVPNGYNVSRSTTEDFPLRLLSAAPSQTSVYFCASRPGLAGGRPEQYFGPGTRLTVT,LLFGYAVYV,GSHSMRYFFTSVSRPGRGEPRFIAVGYVDDTQFVRFDSDAASQRMEPRAPWIEQEGPEYWDGETRKVKAHSQTHRVDLGTLRGYYNQSEAGSHTVQRMYGCDVGSDWRFLRGYHQYAYDGKDYIALKEDLRSWTAADMAAQTTKHKWEAAHVAEQLRAYLEGTCVEWLRRYLENGKETLQ
5nmf,/home/tom/phd/templateBuilder/template_structures/imgt_clean/5nmf_clean.pdb,KEVEQNSGPLSVPEGAIASLNCTYSDRGSQSFFWYRQYSGKSPELIMFIYSNGDKEDGRFTAQLNKASQYISLLIRDSKLSDSATYLCAVRTNSGYALNFGKGTSLLVT,AGVTQSPTHLIKTRGQQVTLRCSPKQGHDTVSWYQQALGQGPQFIFQYYEEEERQRGNFPDRFSGHQFPNYSSELNVNALLLGDSALYLCASSDTVSYEQYFGPGTRLTVT,SLYNTIATL,GSHSMRYFFTSVSRPGRGEPRFIAVGYVDDTQFVRFDSDAASQRMEPRAPWIEQEGPEYWDGETRKVKAHSQTHRVDLGTLRGYYNQSEAGSHTVQRMYGCDVGSDWRFLRGYHQYAYDGKDYIALKEDLRSWTAADMAAQTTKHKWEAAHVAEQLRAYLEGTCVEWLRRYLENGKETLQ
5nmg,/home/tom/phd/templateBuilder/template_structures/imgt_clean/5nmg_clean.pdb,KEVEQNSGPLSVPEGAIASLNCTYSDRGSQSFFWYRQYSGKSPELIMFIYSNGDKEDGRFTAQLNKASQYISLLIRDSKLSDSATYLCAVRTNSGYALNFGKGTSLLVT,DAGVTQSPTHLIKTRGQQVTLRCSPKQGHDTVSWYQQALGQGPQFIFQYYEEEERQRGNFPDRFSGHQFPNYSSELNVNALLLGDSALYLCASSDTVSYEQYFGPGTRLTVT,SLFNTIAVL,GSHSMRYFFTSVSRPGRGEPRFIAVGYVDDTQFVRFDSDAASQRMEPRAPWIEQEGPEYWDGETRKVKAHSQTHRVDLGTLRGYYNQSEAGSHTVQRMYGCDVGSDWRFLRGYHQYAYDGKDYIALKEDLRSWTAADMAAQTTKHKWEAAHVAEQLRAYLEGTCVEWLRRYLENGKETLQ
5nme,/home/tom/phd/templateBuilder/template_structures/imgt_clean/5nme_clean.pdb,KEVEQNSGPLSVPEGAIASLNCTYSDRGSQSFFWYRQYSGKSPELIMFIYSNGDKEDGRFTAQLNKASQYISLLIRDSKLSDSATYLCAVRTNSGYALNFGKGTSLLVT,DAGVTQSPTHLIKTRGQQVTLRCSPKQGHDTVSWYQQALGQGPQFIFQYYEEEERQRGNFPDRFSGHQFPNYSSELNVNALLLGDSALYLCASSDTVSYEQYFGPGTRLTVT,SLYNTVATL,GSHSMRYFFTSVSRPGRGEPRFIAVGYVDDTQFVRFDSDAASQRMEPRAPWIEQEGPEYWDGETRKVKAHSQTHRVDLGTLRGYYNQSEAGSHTVQRMYGCDVGSDWRFLRGYHQYAYDGKDYIALKEDLRSWTAADMAAQTTKHKWEAAHVAEQLRAYLEGTCVEWLRRYLENGKETLQ
6amu,/home/tom/phd/templateBuilder/template_structures/imgt_clean/6amu_clean.pdb,EVEQNSGPLSVPEGAIASLNCTYSDRGSQSFFWYRQYSGKSPELIMFIYSNGDKEDGRFTAQLNKASQYVSLLIRDSQPSDSATYLCAVNFGGGKLIFGQGTELSVK,IAGITQAPTSQILAAGRRMTLRCTQDMRHNAMYWYRQDLGLGLRLIHYSNTAGTTGKGEVPDGYSVSRANTDDFPLTLASAVPSQTSVYFCASSLSFGTEAFFGQGTRLTVV,MMWDRGLGMM,SHSMRYFFTSVSRPGRGEPRFIAVGYVDDTQFVRFDSDAASQRMEPRAPWIEQEGPEYWDGETRKVKAHSQTHRVDLGTLRGYYNQSEAGSHTVQRMYGCDVGSDWRFLRGYHQYAYDGKDYIALKEDLRSWTAADMAAQTTKHKWEAAHVAEQLRAYLEGTCVEWLRRYLENGKETLQ
5c0a,/home/tom/phd/templateBuilder/template_structures/imgt_clean/5c0a_clean.pdb,EVEQDPGPLSVPEGAIVSLNCTYSNSAFQYFMWYRQYSRKGPELLMYTYSSGNKEDGRFTAQVDKSSKYISLFIRDSQPSDSATYLCAMRGDSSYKLIFGSGTRLLVR,DAGVIQSPRHEVTEMGQQVTLRCKPISGHDYLFWYRQTMMRGLELLIYFNNNVPIDDSGMPEDRFSAKMPNASFSTLKIQPSEPRDSAVYFCASSLWEKLAKNIQYFGAGTRLSVL,MVWGPDPLYV,GSHSMRYFFTSVSRPGRGEPRFIAVGYVDDTQFVRFDSDAASQRMEPRAPWIEQEGPEYWDGETRKVKAHSQTHRVDLGTLRGYYNQSEAGSHTVQRMYGCDVGSDWRFLRGYHQYAYDGKDYIALKEDLRSWTAADMAAQTTKHKWEAAHVAEQLRAYLEGTCVEWLRRYLENGKETLQ
5c0b,/home/tom/phd/templateBuilder/template_structures/imgt_clean/5c0b_clean.pdb,EVEQDPGPLSVPEGAIVSLNCTYSNSAFQYFMWYRQYSRKGPELLMYTYSSGNKEDGRFTAQVDKSSKYISLFIRDSQPSDSATYLCAMRGDSSYKLIFGSGTRLLVR,GVIQSPRHEVTEMGQQVTLRCKPISGHDYLFWYRQTMMRGLELLIYFNNNVPIDDSGMPEDRFSAKMPNASFSTLKIQPSEPRDSAVYFCASSLWEKLAKNIQYFGAGTRLSVL,RQFGPDFPTI,GSHSMRYFFTSVSRPGRGEPRFIAVGYVDDTQFVRFDSDAASQRMEPRAPWIEQEGPEYWDGETRKVKAHSQTHRVDLGTLRGYYNQSEAGSHTVQRMYGCDVGSDWRFLRGYHQYAYDGKDYIALKEDLRSWTAADMAAQTTKHKWEAAHVAEQLRAYLEGTCVEWLRRYLENGKETLQ
5c0c,/home/tom/phd/templateBuilder/template_structures/imgt_clean/5c0c_clean.pdb,KEVEQDPGPLSVPEGAIVSLNCTYSNSAFQYFMWYRQYSRKGPELLMYTYSSGNKEDGRFTAQVDKSSKYISLFIRDSQPSDSATYLCAMRGDSSYKLIFGSGTRLLVR,DAGVIQSPRHEVTEMGQQVTLRCKPISGHDYLFWYRQTMMRGLELLIYFNNNVPIDDSGMPEDRFSAKMPNASFSTLKIQPSEPRDSAVYFCASSLWEKLAKNIQYFGAGTRLSVL,RQFGPDWIVA,GSHSMRYFFTSVSRPGRGEPRFIAVGYVDDTQFVRFDSDAASQRMEPRAPWIEQEGPEYWDGETRKVKAHSQTHRVDLGTLRGYYNQSEAGSHTVQRMYGCDVGSDWRFLRGYHQYAYDGKDYIALKEDLRSWTAADMAAQTTKHKWEAAHVAEQLRAYLEGTCVEWLRRYLENGKETLQ
3gsn,/home/tom/phd/templateBuilder/template_structures/imgt_clean/3gsn_clean.pdb,LNVEQSPQSLHVQEGDSTNFTCSFPSSNFYALHWYRWETAKSPEALFVMTLNGDEKKKGRISATLNTKEGYSYLYIKGSQPEDSATYLCARNTGNQFYFGTGTSLTVI,MGVTQTPKFQVLKTGQSMTLQCAQDMNHEYMSWYRQDPGMGLRLIHYSVGAGITDQGEVPNGYNVSRSTTEDFPLRLLSAAPSQTSVYFCASSPVTGGIYGYTFGSGTRLTVV,NLVPMVATV,GSHSMRYFFTSVSRPGRGEPRFIAVGYVDDTQFVRFDSDAASQRMEPRAPWIEQEGPEYWDGETRKVKAHSQTHRVDLGTLRGYYNQSEAGSHTVQRMYGCDVGSDWRFLRGYHQYAYDGKDYIALKEDLRSWTAADMAAQTTKHKWEAAHVAEQLRAYLEGTCVEWLRRYLENGKETLQ
4eup,/home/tom/phd/templateBuilder/template_structures/imgt_clean/4eup_clean.pdb,KEVEQNSGPLSVPEGAIASLNCTYSDRGSQSFFWYRQYSGKSPELIMSIYSNGDKEDGRFTAQLNKASQYVSLLIRDAQPSDSATYLCAVSGGGADGLTFGKGTQVVVT,KVTQSSRYLVKRTGEKVFLECVQDMDHENMFWYRQDPGLGLRLIYFSYDVKMKEKGDIPEGYSVSREKKERFSLILASASTDQTSMYLCASSFLGTGVEQYFGPGTRLTVV,ALGIGILTV,GSHSMRYFFTSVSRPGRGEPRFIAVGYVDDTQFVRFDSDAASQRMEPRAPWIEQEGPEYWDGETRKVKAHSQTHRVDLGTLRGYYNQSEAGSHTVQRMYGCDVGSDWRFLRGYHQYAYDGKDYIALKEDLRSWTAADMAAQTTKHKWEAAHVAEQLRAYLEGTCVEWLRRYLENGKETLQ
1fo0,/home/tom/phd/templateBuilder/template_structures/imgt_clean/1fo0_clean.pdb,KVTQTQTSISVMEKTTVTMDCVYETQDSSYFLFWYKQTASGEIVFLIRQDSYKKENATVGHYSLNFQKPKSSIGLIITATQIEDSAVYFCAMRGDYGGSGNKLIFGTGTLLSVK,VTLLEQNPRWRLVPRGQAVNLRCILKNSQYPWMSWYQQDLQKQLQWLFTLRSPGDKEVKSLPGADYLATRVTDTELRLQVANMSQGRTLYCTCSADRVGNTLYFGEGSRLIV,INFDFNTI,GPHSLRYFVTAVSRPGLGEPRYMEVGYVDDTEFVRFDSDAENPRYEPRARWMEQEGPEYWERETQKAKGNEQSFRVDLRTLLGYYNQSKGGSHTIQVISGCEVGSDGRLLRGYQQYAYDGCDYIALNEDLKTWTAADMAALITKHKWEQAGEAERLRAYLEGTCVEWLRRYLKNGNATLL
3qfj,/home/tom/phd/templateBuilder/template_structures/imgt_clean/3qfj_clean.pdb,KEVEQNSGPLSVPEGAIASLNCTYSDRGSQSFFWYRQYSGKSPELIMSIYSNGDKEDGRFTAQLNKASQYVSLLIRDSQPSDSATYLCAVTTDSWGKLQFGAGTQVVVT,NAGVTQTPKFQVLKTGQSMTLQCAQDMNHEYMSWYRQDPGMGLRLIHYSVGAGITDQGEVPNGYNVSRSTTEDFPLRLLSAAPSQTSVYFCASRPGLAGGRPEQYFGPGTRLTVT,LLFGFPVYV,GSHSMRYFFTSVSRPGRGEPRFIAVGYVDDTQFVRFDSDAASQRMEPRAPWIEQEGPEYWDGETRKVKAHSQTHRVDLGTLRGYYNQSEAGSHTVQRMYGCDVGSDWRFLRGYHQYAYDGKDYIALKEDLRSWTAADMAAQTTKHKWEAAHVAEQLRAYLEGTCVEWLRRYLENGKETLQ
3kpr,/home/tom/phd/templateBuilder/template_structures/imgt_clean/3kpr_clean.pdb,KTTQPNSMESNEEEPVHLPCNHSTISGTDYIHWYRQLPSQGPEYVIHGLTSNVNNRMASLAIAEDRKSSTLILHRATLRDAAVYYCILPLAGGTSYGKLTFGQGTILTVH,GVSQSPRYKVAKRGQDVALRCDPISGHVSLFWYQQALGQGPEFLTYFQNEAQLDKSGLPSDRFFAERPEGSVSTLKIQRTQQEDSAVYLCASSLGQAYEQYFGPGTRLTVT,EEYLKAWTF,GSHSMRYFYTAMSRPGRGEPRFITVGYVDDTLFVRFDSDATSPRKEPRAPWIEQEGPEYWDRETQISKTNTQTYRENLRTALRYYNQSEAGSHIIQRMYGCDVGPDGRLLRGYDQYAYDGKDYIALNEDLSSWTAADTAAQITQRKWEAARVAEQDRAYLEGLCVESLRRYLENGKETLQ
3kps,/home/tom/phd/templateBuilder/template_structures/imgt_clean/3kps_clean.pdb,KTTQPNSMESNEEEPVHLPCNHSTISGTDYIHWYRQLPSQGPEYVIHGLTSNVNNRMASLAIAEDRKSSTLILHRATLRDAAVYYCILPLAGGTSYGKLTFGQGTILTVH,GVSQSPRYKVAKRGQDVALRCDPISGHVSLFWYQQALGQGPEFLTYFQNEAQLDKSGLPSDRFFAERPEGSVSTLKIQRTQQEDSAVYLCASSLGQAYEQYFGPGTRLTVT,EEYLQAFTY,GSHSMRYFYTAMSRPGRGEPRFITVGYVDDTLFVRFDSDATSPRKEPRAPWIEQEGPEYWDRETQISKTNTQTYRENLRTALRYYNQSEAGSHIIQRMYGCDVGPDGRLLRGYDQYAYDGKDYIALNEDLSSWTAADTAAQITQRKWEAARVAEQDRAYLEGLCVESLRRYLENGKETLQ
2e7l,/home/tom/phd/templateBuilder/template_structures/imgt_clean/2e7l_clean.pdb,SVTQPDARVTVSEGASLQLRCKYSYSATPYLFWYVQYPRQGPQLLLKYYSGDPVVQGVNGFEAEFSKSNSSFHLRKASVHRSDSAVYFCAVSHQGRYLTFGSGTKVIVL,EAAVTQSPRNKVAVTGEKVTLSCNQTNNHNNMYWYRQDTGHELRLIYYSYGAGSTEKGDIPDGYKASRPSQENFSLTLESATPSQTSVYFCASGGGGTLYFGAGTRLSVL,QLSPFPFDL,GPHSMRYFETAVSRRGLGEPRYISVGYVDDKEFVRFDSDAENPRYEPQVPWMEQEGPEYWERITQVAKGQEQWFRVNLRTLLGYYNQSAGGTHTLQRMYGCDVGSDGRLLRGYEQFAYDGCDYIALNEDLRTWTAADMAAQITRRKWEQAGAAEYYRAYLEGECVEWLHRYLKNG
2jcc,/home/tom/phd/templateBuilder/template_structures/imgt_clean/2jcc_clean.pdb,MDSVTQTEGLVTLTEGLPVMLNCTYQSTYSPFLFWYVQHLNEAPKLLLKSFTDNKRPEHQGFHATLHKSSSSFHLQKSSAQLSDSALYYCALFLASSSFSKLVFGQGTSLSVV,EAAVTQSPRSKVAVTGGKVTLSCHQTNNHDYMYWYRQDTGHGLRLIHYSYVADSTEKGDIPDGYKASRPSQENFSLILELASLSQTAVYFCASSDWVSYEQYFGPGTRLTVL,ALWGFFPVL,GSHSMRYFFTSVSRPGRGEPRFIAVGYVDDTQFVRFDSDAASQRMEPRAPWIEQEGPEYWDGETRKVKAHSQTHRVDLGTLRGYYNQSEAGSHTVQRMYGCDVGSDWRFLRGYHQYAYDGKDYIALKEDLRSWTAADMAAQTTKHKWEAAHVAEQLRAYLEGTCVEALRRYLENGKETLQ
5wkf,/home/tom/phd/templateBuilder/template_structures/imgt_clean/5wkf_clean.pdb,QSPQAVILREGEDAIINCSSSKALYSVHWYRQKHGEAPIFLMILLKGGEQKGHDKISASFNEKKQQSSLYLTASQLSYSGTYFCGLGDAGNMLTFGGGTRLMVK,AGVAQSPRYKIIEKRQSVAFWCNPISGHATLYWYQQILGQGPKLLIQFQNNGVVDDSQLPKDRFSAERLKGVDSTLKIQPAKLEDSAVYLCASSLGQGLLYGYTFGSGTRLTVL,GTSGSPIVNR,GSHSMRYFYTSVSRPGRGEPRFIAVGYVDDTQFVRFDSDAASQRMEPRAPWIEQEGPEYWDQETRNVKAQSQTDRVDLGTLRGYYNQSEDGSHTIQIMYGCDVGPDGRFLRGYRQDAYDGKDYIALNEDLRSWTAADMAAQITKRKWEAAHAAEQQRAYLEGRCVEWLRRYLENGKETLQ
5m02,/home/tom/phd/templateBuilder/template_structures/imgt_clean/5m02_clean.pdb,QVRQSPQSLTVWEGGTTVLTCSYEDSTFNYFPWYQQFPGEGPALLISILSVSDKKEDGRFTTFFNKREKKLSLHIIDSQPGDSATYFCAALYGNEKITFGAGTKLTIK,AVTQSPRSKVAVTGGKVTLSCHQTNNHDYMYWYRQDTGHGLRLIHYSYVADSTEKGDIPDGYKASRPSQENFSLILELASLSQTAVYFCASSDAGGRNTLYFGAGTRLSVL,KAPFNFATM,GPHSMRYFETAVSRPGLEEPRYISVGYVDNKEFVRFDSDAENPRYEPRAPWMEQEGPEYWERETQKAKGQEQWFRVSLRNLLGYYNQSAGGSHTLQQMSGCDLGSDWRLLRGYLQFAYEGRDYIALNEDLKTWTAADMAAQITRRKWEQSGAAEHYKAYLEGECVEWLHRYLKNGNATLL
5m00,/home/tom/phd/templateBuilder/template_structures/imgt_clean/5m00_clean.pdb,QQVRQSPQSLTVWEGGTTVLTCSYEDSTFNYFPWYQQFPGEGPALLISILSVSDKKEDGRFTTFFNKREKKLSLHIIDSQPGDSATYFCAALYGNEKITFGAGTKLTIK,AVTQSPRSKVAVTGGKVTLSCHQTNNHDYMYWYRQDTGHGLRLIHYSYVADSTEKGDIPDGYKASRPSQENFSLILELASLSQTAVYFCASSDAGGRNTLYFGAGTRLSVL,KAVANFATM,GPHSMRYFETAVSRPGLEEPRYISVGYVDNKEFVRFDSDAENPRYEPRAPWMEQEGPEYWERETQKAKGQEQWFRVSLRNLLGYYNQSAGGSHTLQQMSGCDLGSDWRLLRGYLQFAYEGRDYIALNEDLKTWTAADMAAQITRRKWEQSGAAEHYKAYLEGECVEWLHRYLKNGNATLL
5m01,/home/tom/phd/templateBuilder/template_structures/imgt_clean/5m01_clean.pdb,QQVRQSPQSLTVWEGGTTVLTCSYEDSTFNYFPWYQQFPGEGPALLISILSVSDKKEDGRFTTFFNKREKKLSLHIIDSQPGDSATYFCAALYGNEKITFGAGTKLTIK,AVTQSPRSKVAVTGGKVTLSCHQTNNHDYMYWYRQDTGHGLRLIHYSYVADSTEKGDIPDGYKASRPSQENFSLILELASLSQTAVYFCASSDAGGRNTLYFGAGTRLSVL,KAPANFATM,GPHSMRYFETAVSRPGLEEPRYISVGYVDNKEFVRFDSDAENPRYEPRAPWMEQEGPEYWERETQKAKGQEQWFRVSLRNLLGYYNQSAGGSHTLQQMSGCDLGSDWRLLRGYLQFAYEGRDYIALNEDLKTWTAADMAAQITRRKWEQSGAAEHYKAYLEGECVEWLHRYLKNGNATLL
4n0c,/home/tom/phd/templateBuilder/template_structures/imgt_clean/4n0c_clean.pdb,AQSVTQPDARVTVSEGASLQLRCKYSYSATPYLFWYVQYPRQGLQMLLKYYSGDPVVQGVNGFEAEFSKSDSSFHLRKASVHWSDSAVYFCAVSAKGTGSKLSFGKGAKLTVS,AVTQSPRNKVTVTGGNVTLSCRQTNSHNYMYWYRQDTGHGLRLIHYSYGAGNLQIGDVPDGYKATRTTQEDFFLLLELASPSQTSLYFCASSDAPGQLYFGEGSKLTVL,MPAGRPWDL,PHSMRYYETATSRRGLGEPRYTSVGYVDDKEFVRFDSDAENPRYEPQVPWMEQEGPEYWERITQIAKGQEQWFRVNLRTLLGYYNQSAGGTHTLQWMYGCDVGSDGRLLRGYEQFAYDGCDYIALNEDLRTWTAADMAAQITRRKWEQAGAAEYYRAYLEGECVEWLHRYLKNG
5hho,/home/tom/phd/templateBuilder/template_structures/imgt_clean/5hho_clean.pdb,LLEQSPQFLSIQEGENLTVYCNSSSVFSSLQWYRQEPGEGPVLLVTVVTGGEVKKLKRLTFQFGDARKDSSLHITAAQPGDTGLYLCAGAGSQGNLIFGKGTKLSVK,GGITQSPKYLFRKEGQNVTLSCEQNLNHDAMYWYRQDPGQGLRLIYYSQIVNDFQKGDIAEGYSVSREKKESFPLTVTSAQKNPTAFYLCASSIRSSYEQYFGPGTRLTVT,GILEFVFTL,GSHSMRYFFTSVSRPGRGEPRFIAVGYVDDTQFVRFDSDAASQRMEPRAPWIEQEGPEYWDGETRKVKAHSQTHRVDLGTLRGYYNQSEAGSHTVQRMYGCDVGSDWRFLRGYHQYAYDGKDYIALKEDLRSWTAADMAAQTTKHKWEAAHVAEQLRAYLEGTCVEWLRRYLENGKETLQ
5hhm,/home/tom/phd/templateBuilder/template_structures/imgt_clean/5hhm_clean.pdb,LLEQSPQFLSIQEGENLTVYCNSSSVFSSLQWYRQEPGEGPVLLVTVVTGGEVKKLKRLTFQFGDARKDSSLHITAAQPGDTGLYLCAGAGSQGNLIFGKGTKLSVK,GGITQSPKYLFRKEGQNVTLSCEQNLNHDAMYWYRQDPGQGLRLIYYSQIVNDFQKGDIAEGYSVSREKKESFPLTVTSAQKNPTAFYLCASSSRSSYEQYFGPGTRLTVT,GILGLVFTL,GSHSMRYFFTSVSRPGRGEPRFIAVGYVDDTQFVRFDSDAASQRMEPRAPWIEQEGPEYWDGETRKVKAHSQTHRVDLGTLRGYYNQSEAGSHTVQRMYGCDVGSDWRFLRGYHQYAYDGKDYIALKEDLRSWTAADMAAQTTKHKWEAAHVAEQLRAYLEGTCVEWLRRYLENGKETLQ
5sws,/home/tom/phd/templateBuilder/template_structures/imgt_clean/5sws_clean.pdb,QQQVRQSPQSLTVWEGETAILNCSYEDSTFNYFPWYQQFPGEGPALLISIRSVSDKKEDGRFTIFFNKREKKLSLHITDSQPGDSATYFCAASEGSGSWQLIFGSGTQLTVM,TVKQNPRYKLARVGKPVNLICSQTMNHDTMYWYQKKPNQAPKLLLFYYDKILNREADTFEKFQSSRPNNSFCSLYIGSAGLEYSAMYLCASSAGLDAEQYFGPGTRLLVL,ASNENMETM,GPHSMRYFETAVSRPGLEEPRYISVGYVDNKEFVRFDSDAENPRYEPRAPWMEQEGPEYWERETQKAKGQEQWFRVSLRNLLGYYNQSAGGSHTLQQMSGCDLGSDWRLLRGYLQFAYEGRDYIALNEDLKTWTAADMAAQITRRKWEQSGAAEHYKAYLEGECVEWLHRYLKNGNATLL
2ol3,/home/tom/phd/templateBuilder/template_structures/imgt_clean/2ol3_clean.pdb,QKVTQTQTSISVMEKTTVTMDCVYETQDSSYFLFWYKQTASGEIVFLIRQDSYKKENATVGHYSLNFQKPKSSIGLIITATQIEDSAVYFCAMRGDYGGSGNKLIFGTGTLLSVK,VTLLEQNPRWRLVPRGQAVNLRCILKNSQYPWMSWYQQDLQKQLQWLFTLRSPGDKEVKSLPGADYLATRVTDTELRLQVANMSQGRTLYCTCSADRVGNTLYFGEGSRLIVV,SQYYYNSL,GPHSLRYFVTAVSRPGLGEPRFISVGYVDNTEFVRFDSDAENPRYEPRARWMEQEGPEYWERETQKAKGNEQSFRVDLRTLLGYYNQSKGGSHTIQVISGCEVGSDGRLLRGYQQYAYDGCDYIALNEDLKTWTAADMAALITKHKWEQAGEAERLRAYLEGTCVEWLRRYLKNGNATLL
2pye,/home/tom/phd/templateBuilder/template_structures/imgt_clean/2pye_clean.pdb,KQEVTQIPAALSVPEGENLVLNCSFTDSAIYNLQWFRQDPGKGLTSLLLIQSSQREQTSGRLNASLDKSSGSSTLYIAASQPGDSATYLCAVRPLLDGTYIPTFGRGTSLIVH,MGVTQTPKFQVLKTGQSMTLQCAQDMNHEYMSWYRQDPGMGLRLIHYSVGAGTTDQGEVPNGYNVSRSTIEDFPLRLLSAAPSQTSVYFCASSYLGNTGELFFGEGSRLTVL,SLLMWITQC,GSHSMRYFFTSVSRPGRGEPRFIAVGYVDDTQFVRFDSDAASQRMEPRAPWIEQEGPEYWDGETRKVKAHSQTHRVDLGTLRGYYNQSEAGSHTVQRMYGCDVGSDWRFLRGYHQYAYDGKDYIALKEDLRSWTAADMAAQTTKHKWEAAHVAEQLRAYLEGTCVEWLRRYLENGKETLQ
4jrx,/home/tom/phd/templateBuilder/template_structures/imgt_clean/4jrx_clean.pdb,QKVTQAQTEISVVEKEDVTLDCVYETRDTTYYLFWYKQPPSGELVFLIRRNSFDEQNEISGRYSWNFQKSTSSFNFTITASQVVDSAVYFCALSGFYNTDKLIFGTGTRLQVF,GVTQTPKFQVLKTGQSMTLQCAQDMNHNSMYWYRQDPGMGLRLIYYSASEGTTDKGEVPNGYNVSRLNKREFSLRLESAAPSQTSVYFCASPGETEAFFGQGTRLTVT,LPEPLPQGQLTAY,GSHSMRYFYTAMSRPGRGEPRFIAVGYVDDTQFVRFDSDAASPRTEPRAPWIEQEGPEYWDRNTQIFKTNTQTYRESLRNLRGYYNQSEAGSHIIQRMYGCDLGPDGRLLRGHDQSAYDGKDYIALNEDLSSWTAADTAAQITQRKWEAARVAEQRRAYLEGLCVEWLRRYLENGKETLQ
4jry,/home/tom/phd/templateBuilder/template_structures/imgt_clean/4jry_clean.pdb,ELKVEQNPLFLSMQEGKNYTIYCNYSTTSDRLYWYRQDPGKSLESLFVLLSNGAVKQEGRLMASLDTKARLSTLHITAAVHDLSATYFCAVGGGSNYQLIWGAGTKLIIK,AGVTQSPTHLIKTRGQQVTLRCSPKSGHDTVSWYQQALGQGPQFIFQYYEEEERQRGNFPDRFSGHQFPNYSSELNVNALLLGDSALYLCASSRTGSTYEQYFGPGTRLTVT,LPEPLPQGQLTAY,GSHSMRYFYTAMSRPGRGEPRFIAVGYVDDTQFVRFDSDAASPRTEPRAPWIEQEGPEYWDRNTQIFKTNTQTYRESLRNLRGYYNQSEAGSHIIQRMYGCDLGPDGRLLRGHDQSAYDGKDYIALNEDLSSWTAADTAAQITQRKWEAARVAEQRRAYLEGLCVEWLRRYLENGKETLQ
3tf7,/home/tom/phd/templateBuilder/template_structures/imgt_clean/3tf7_clean.pdb,QSVTQPDARVTVSEGASLQLRCKYSYSATPYLFWYVQYPRQGPQMLLKYYSGDPVVQGVNGFEAEFSKSDSSFHLRKASVHRSDSAVYFCAVSAKGTGSKLSFGKGAKLTVS,AAVTQSPRNKVTVTGENVTLSCRQTNSHNYMYWYRQDTGHELRLIYYSYGAGNLQIGDVPDGYKATRTTQEDFFLTLESASPSQTSLYFCASSDAPGQLYFGEGSKLTVL,QLSPFPFDL,GPHSMRYYETATSRRGLGEPRYTSVGYVDDKEFVRFDSDAENPRYEPQVPWMEQEGPEYWERITQVAKGQEQWFRVNLRTLLGYYNQSAGGTHTLQRMYGCDVGSDGRLLRGYEQFAYDGCDYIALNEDLRTWTAADMAAQITRRKWEQAGAAEYYRAYLEGECVEWLHRYLKNG
1ao7,/home/tom/phd/templateBuilder/template_structures/imgt_clean/1ao7_clean.pdb,KEVEQNSGPLSVPEGAIASLNCTYSDRGSQSFFWYRQYSGKSPELIMSIYSNGDKEDGRFTAQLNKASQYVSLLIRDSQPSDSATYLCAVTTDSWGKLQFGAGTQVVVT,GVTQTPKFQVLKTGQSMTLQCAQDMNHEYMSWYRQDPGMGLRLIHYSVGAGITDQGEVPNGYNVSRSTTEDFPLRLLSAAPSQTSVYFCASRPGLAGGRPEQYFGPGTRLTVT,LLFGYPVYV,GSHSMRYFFTSVSRPGRGEPRFIAVGYVDDTQFVRFDSDAASQRMEPRAPWIEQEGPEYWDGETRKVKAHSQTHRVDLGTLRGYYNQSEAGSHTVQRMYGCDVGSDWRFLRGYHQYAYDGKDYIALKEDLRSWTAADMAAQTTKHKWEAAHVAEQLRAYLEGTCVEWLRRYLENGKETLQ
1qsf,/home/tom/phd/templateBuilder/template_structures/imgt_clean/1qsf_clean.pdb,KEVEQNSGPLSVPEGAIASLNCTYSDRGSQSFFWYRQYSGKSPELIMSIYSNGDKEDGRFTAQLNKASQYVSLLIRDSQPSDSATYLCAVTTDSWGKLQFGAGTQVVVT,GVTQTPKFQVLKTGQSMTLQCAQDMNHEYMSWYRQDPGMGLRLIHYSVGAGITDQGEVPNGYNVSRSTTEDFPLRLLSAAPSQTSVYFCASRPGLAGGRPEQYFGPGTRLTVT,LLFGYPVAV,GSHSMRYFFTSVSRPGRGEPRFIAVGYVDDTQFVRFDSDAASQRMEPRAPWIEQEGPEYWDGETRKVKAHSQTHRVDLGTLRGYYNQSEAGSHTVQRMYGCDVGSDWRFLRGYHQYAYDGKDYIALKEDLRSWTAADMAAQTTKHKWEAAHVAEQLRAYLEGTCVEWLRRYLENGKETLQ
1qse,/home/tom/phd/templateBuilder/template_structures/imgt_clean/1qse_clean.pdb,KEVEQNSGPLSVPEGAIASLNCTYSDRGSQSFFWYRQYSGKSPELIMSIYSNGDKEDGRFTAQLNKASQYVSLLIRDSQPSDSATYLCAVTTDSWGKLQFGAGTQVVVT,GVTQTPKFQVLKTGQSMTLQCAQDMNHEYMSWYRQDPGMGLRLIHYSVGAGITDQGEVPNGYNVSRSTTEDFPLRLLSAAPSQTSVYFCASRPGLAGGRPEQYFGPGTRLTVT,LLFGYPRYV,GSHSMRYFFTSVSRPGRGEPRFIAVGYVDDTQFVRFDSDAASQRMEPRAPWIEQEGPEYWDGETRKVKAHSQTHRVDLGTLRGYYNQSEAGSHTVQRMYGCDVGSDWRFLRGYHQYAYDGKDYIALKEDLRSWTAADMAAQTTKHKWEAAHVAEQLRAYLEGTCVEWLRRYLENGKETLQ
6dkp,/home/tom/phd/templateBuilder/template_structures/imgt_clean/6dkp_clean.pdb,KEVEQNSGPLSVPEGAIASLNCTYSYRGSQSFFWYRQYSGKSPELIMFIASNGDKEDGRFTAQLNKASQYVSLLIRDSQPSDSATYLCAVNFGGGKLIFGQGTELSVK,IAGITQAPTSQILAAGRRMTLRCTQDMRHNAMYWYRQDLGLGLRLIHYSNTAGTTGKGEVPDGYSVSRANTDDFPLTLASAVPSQTSVYFCASSWSFGTEAFFGQGTRLTVV,ELAGIGILTV,GSHSMRYFFTSVSRPGRGEPRFIAVGYVDDTQFVRFDSDAASQRMEPRAPWIEQEGPEYWDGETRKVKAHSQTHRVDLGTLRGYYNQSEAGSHTVQRMYGCDVGSDWRFLRGYHQYAYDGKDYIALKEDLRSWTAADMAAQTTKHKWEAAHVAEQLRAYLEGTCVEWLRRYLENGKETLQ
1kj2,/home/tom/phd/templateBuilder/template_structures/imgt_clean/1kj2_clean.pdb,QQVRQSPQSLTVWEGETAILNCSYEDSTFNYFPWYQQFPGEGPALLISIRSVSDKKEDGRFTIFFNKREKKLSLHITDSQPGDSATYFCAARYQGGRALIFGTGTTVSVS,VTLLEQNPRWRLVPRGQAVNLRCILKNSQYPWMSWYQQDLQKQLQWLFTLRSPGDKEVKSLPGADYLATRVTDTELRLQVANMSQGRTLYCTCSAAPDWGASAETLYFGSGTRLTVL,KVITFIDL,GPHSLRYFVTAVSRPGLGEPRYMEVGYVDDTEFVRFDSDAENPRYEPRARWMEQEGPEYWERETQKAKGNEQSFRVDLRTLLGYYNQSKGGSHTIQVISGCEVGSDGRLLRGYQQYAYDGCDYIALNEDLKTWTAADMAALITKHKWEQAGEAERLRAYLEGTCVEWLRRYLKNGNATLL
3h9s,/home/tom/phd/templateBuilder/template_structures/imgt_clean/3h9s_clean.pdb,KEVEQNSGPLSVPEGAIASLNCTYSDRGSQSFFWYRQYSGKSPELIMSIYSNGDKEDGRFTAQLNKASQYVSLLIRDSQPSDSATYLCAVTTDSWGKLQFGAGTQVVVT,NAGVTQTPKFQVLKTGQSMTLQCAQDMNHEYMSWYRQDPGMGLRLIHYSVGAGITDQGEVPNGYNVSRSTTEDFPLRLLSAAPSQTSVYFCASRPGLAGGRPEQYFGPGTRLTVT,MLWGYLQYV,GSHSMRYFFTSVSRPGRGEPRFIAVGYVDDTQFVRFDSDAASQRMEPRAPWIEQEGPEYWDGETRKVKAHSQTHRVDLGTLRGYYNQSEAGSHTVQRMYGCDVGSDWRFLRGYHQYAYDGKDYIALKEDLRSWTAADMAAQTTKHKWEAAHVAEQLRAYLEGTCVEWLRRYLENGKETLQ
3tfk,/home/tom/phd/templateBuilder/template_structures/imgt_clean/3tfk_clean.pdb,AQSVTQPDARVTVSEGASLQLRCKYSYSATPYLFWYVQYPRQGLQMLLKYYSGDPVVQGVNGFEAEFSKSDSSFHLRKASVHWSDSAVYFCAVSAKGTGSKLSFGKGAKLTVS,AVTQSPRNKVTVTGGNVTLSCRQTNSHNYMYWYRQDTGHGLRLIHYSYGAGNLQIGDVPDGYKATRTTQEDFFLLLELASPSQTSLYFCASSDAPGQLYFGEGSKLTVL,QLSDVPMDL,PHSMRYYETATSRRGLGEPRYTSVGYVDDKEFVRFDSDAENPRYEPQVPWMEQEGPEYWERITQVAKGQEQWFRVNLRTLLGYYNQSAGGTHTLQRMYGCDVGSDGRLLRGYEQFAYDGCDYIALNEDLRTWTAADMAAQITRRKWEQAGAAEYYRAYLEGECVEWLHRYLKNG
3w0w,/home/tom/phd/templateBuilder/template_structures/imgt_clean/3w0w_clean.pdb,QKEVEQNSGPLSVPEGAIASLNCTYSDRGSQSFFWYRQYSGKSPELIMSIYSNGDKEDGRFTAQLNKASQYVSLLIRDSQPSDSATYLWGTYNQGGKLIFGQGTELSVK,EAQVTQNPRYLITVTGKKLTVTCSQNMNHEYMSWYRQDPGLGLRQIYYSMNVEVTDKGDVPEGYKVSRKEKRNFPLILESPSPNQTSLYFCASSGASHEQYFGPGTRLTVT,RFPLTFGWCF,GSHSMRYFSTSVSRPGRGEPRFIAVGYVDDTQFVRFDSDAASQRMEPRAPWIEQEGPEYWDEETGKVKAHSQTDRENLRIALRYYNQSEAGSHTLQMMFGCDVGSDGRFLRGYHQYAYDGKDYIALKEDLRSWTAADMAAQITKRKWEAAHVAEQQRAYLEGTCVDGLRRYLENGKETLQ
4qrp,/home/tom/phd/templateBuilder/template_structures/imgt_clean/4qrp_clean.pdb,GDSVTQMEGPVTLSEEAFLTINCTYTATGYPSLFWYVQYPGEGLQLLLKATKADDKGSNKGFEATYRKETTSFHLEKGSVQVSDSAVYFCALSDPVNDMRFGAGTRLTVK,GVAQSPRYKIIEKRQSVAFWCNPISGHATLYWYQQILGQGPKLLIQFQNNGVVDDSQLPKDRFSAERLKGVDSTLKIQPAKLEDSAVYLCASSLRGRGDQPQHFGDGTRLSIL,HSKKKCDEL,GSHSMRYFDTAMSRPGRGEPRFISVGYVDDTQFVRFDSDAASPREEPRAPWIEQEGPEYWDRNTQIFKTNTQTDRESLRNLRGYYNQSEAGSHTLQSMYGCDVGPDGRLLRGHNQYAYDGKDYIALNEDLRSWTAADTAAQITQRKWEAARVAEQDRAYLEGTCVEWLRRYLENGKDTLE
4g9f,/home/tom/phd/templateBuilder/template_structures/imgt_clean/4g9f_clean.pdb,KITQTQPGMFVQEKEAVTLDCTYDTSDQSYGLFWYKQPSSGEMIFLIYQGSYDEQNATEGRYSLNFQKARKSANLVISASQLGDSAMYFCAMRDLRDNFNKFYFGSGTKLNVK,NAGVTQTPKFQVLKTGQSMTLQCAQDMNHEYMSWYRQDPGMGLRLIHYSVGAGITDQGEVPNGYNVSRSTTEDFPLRLLSAAPSQTSVYFCASREGLGGTEAFFGQGTRLTVV,KRWIIMGLNK,GSHSMRYFHTSVSRPGRGEPRFITVGYVDDTLFVRFDSDAASPREEPRAPWIEQEGPEYWDRETQICKAKAQTDREDLRTLLRYYNQSEAGSHTLQNMYGCDVGPDGRLLRGYHQDAYDGKDYIALNEDLSSWTAADTAAQITQRKWEAARVAEQLRAYLEGECVEWLRRYLENGKETLQ
